"price","speed","hd","ram","screen","cd","multi","premium","ads","trend"
1499,25,80,4,14,"no","no","yes",94,1
1795,33,85,2,14,"no","no","yes",94,1
1595,25,170,4,15,"no","no","yes",94,1
1849,25,170,8,14,"no","no","no",94,1
3295,33,340,16,14,"no","no","yes",94,1
3695,66,340,16,14,"no","no","yes",94,1
1720,25,170,4,14,"yes","no","yes",94,1
1995,50,85,2,14,"no","no","yes",94,1
2225,50,210,8,14,"no","no","yes",94,1
2575,50,210,4,15,"no","no","yes",94,1
2195,33,170,8,15,"no","no","yes",94,1
2605,66,210,8,14,"no","no","yes",94,1
2045,50,130,4,14,"no","no","yes",94,1
2295,25,245,8,14,"no","no","yes",94,1
2699,50,212,8,14,"no","no","yes",94,1
2225,50,130,4,14,"no","no","yes",94,1
1595,33,85,2,14,"no","no","yes",94,1
2325,33,210,4,15,"no","no","yes",94,1
2095,33,250,4,15,"no","no","yes",94,1
4395,66,452,8,14,"no","no","yes",94,1
1695,33,130,4,14,"no","no","yes",94,1
2795,66,130,4,14,"no","no","yes",94,1
2895,25,340,16,14,"no","no","yes",94,1
2875,50,210,4,17,"no","no","yes",94,1
4195,50,452,8,14,"no","no","yes",94,1
1290,33,80,2,14,"no","no","yes",94,1
1975,33,130,4,14,"no","no","yes",94,1
3995,33,452,8,14,"no","no","yes",94,1
3095,33,340,16,14,"no","no","yes",94,1
3244,66,245,8,14,"no","no","yes",94,1
1920,33,170,4,14,"yes","no","yes",94,1
1995,25,130,4,14,"no","no","yes",94,1
2595,33,210,8,17,"no","no","yes",94,1
2475,50,210,4,15,"no","no","yes",94,1
1999,33,170,4,14,"no","no","yes",94,1
2675,66,210,4,15,"no","no","yes",94,1
2325,66,210,8,14,"no","no","yes",94,1
3795,66,500,8,14,"no","no","yes",94,1
2405,50,210,8,14,"no","no","yes",94,1
2425,50,210,8,14,"no","no","yes",94,1
2895,50,245,8,14,"no","no","yes",94,1
3895,66,500,8,15,"no","no","yes",94,1
2499,33,212,8,14,"no","no","yes",94,1
2255,33,210,8,14,"no","no","yes",94,1
3495,50,340,16,14,"no","no","yes",94,1
2695,33,245,8,14,"no","no","yes",94,1
2195,33,130,4,14,"no","no","yes",94,1
1749,25,120,4,14,"no","no","yes",94,1
2399,50,212,4,14,"no","no","yes",94,1
1995,33,250,4,14,"no","no","yes",94,1
2499,33,170,4,14,"no","no","yes",94,1
2395,33,130,4,14,"no","no","yes",94,1
2995,66,340,8,15,"no","no","yes",94,1
2190,33,210,4,14,"no","no","yes",94,1
2199,33,212,8,14,"no","no","no",94,1
2125,50,130,4,14,"no","no","yes",94,1
2045,66,130,4,14,"no","no","yes",94,1
3075,66,210,4,17,"no","no","yes",94,1
2945,66,210,8,17,"no","no","yes",94,1
1945,50,130,4,14,"no","no","yes",94,1
3990,66,330,8,15,"no","no","yes",94,1
1795,33,170,4,15,"no","no","yes",94,1
2495,33,250,8,15,"no","no","yes",94,1
2220,33,250,4,14,"yes","no","yes",94,1
2195,66,85,2,14,"no","no","yes",94,1
1495,25,170,4,14,"no","no","yes",94,1
2325,66,130,4,14,"no","no","yes",94,1
1499,25,120,4,14,"no","no","yes",94,1
2199,33,212,4,14,"no","no","yes",94,1
3095,66,245,8,14,"no","no","yes",94,1
4020,66,500,8,14,"yes","no","yes",94,1
2725,33,210,4,17,"no","no","yes",94,1
1695,33,170,4,14,"no","no","yes",94,1
3044,50,245,8,14,"no","no","yes",94,1
2999,50,170,4,14,"no","no","yes",94,1
2844,33,245,8,14,"no","no","yes",94,1
1975,33,210,8,14,"no","no","yes",94,1
3220,66,340,8,15,"yes","no","yes",94,1
2595,50,130,4,14,"no","no","yes",94,1
1629,25,80,8,14,"no","no","no",94,1
3399,66,230,4,15,"no","no","yes",94,1
2495,33,245,8,14,"no","no","yes",94,1
2990,66,210,8,15,"no","no","yes",94,1
2720,33,250,8,15,"yes","no","yes",94,1
2595,25,245,8,14,"no","no","yes",94,1
1999,33,120,8,14,"no","no","no",94,1
2075,33,210,8,14,"no","no","yes",94,1
1795,33,130,4,14,"no","no","yes",94,1
1395,25,85,2,14,"no","no","yes",94,1
3490,50,330,8,14,"no","no","yes",94,1
2975,50,210,4,17,"no","no","yes",94,1
2145,66,130,4,14,"no","no","yes",94,1
2420,33,170,8,15,"yes","no","yes",94,1
2505,50,210,8,14,"no","no","yes",94,1
2995,66,340,16,14,"no","no","yes",95,2
1495,25,170,4,14,"no","no","yes",95,2
1999,33,170,4,14,"no","no","yes",95,2
1920,33,170,4,14,"yes","no","yes",95,2
2595,25,340,16,14,"no","no","yes",95,2
1695,33,170,4,14,"no","no","yes",95,2
1995,33,250,4,14,"no","no","yes",95,2
2195,25,245,8,14,"no","no","yes",95,2
1795,66,85,2,14,"no","no","yes",95,2
2999,66,330,4,15,"no","no","yes",95,2
1395,25,85,2,14,"no","no","yes",95,2
2995,66,250,8,17,"no","no","yes",95,2
2699,50,212,8,14,"no","no","yes",95,2
1720,25,170,4,14,"yes","no","yes",95,2
2045,66,170,4,14,"no","no","yes",95,2
2145,66,170,4,14,"no","no","yes",95,2
2995,66,340,8,15,"no","no","yes",95,2
2095,33,130,4,14,"no","no","yes",95,2
3895,50,452,8,14,"no","no","yes",95,2
2895,50,340,16,14,"no","no","yes",95,2
1499,25,170,4,14,"no","no","yes",95,2
3165,66,250,4,17,"no","no","yes",95,2
2525,50,250,4,15,"no","no","yes",95,2
2325,66,250,8,14,"no","no","yes",95,2
2499,33,170,4,14,"no","no","yes",95,2
2799,33,230,4,14,"no","no","yes",95,2
1795,33,170,4,14,"no","no","yes",95,2
2199,33,210,4,14,"no","no","yes",95,2
2355,50,250,8,14,"no","no","yes",95,2
3220,66,340,8,15,"yes","no","yes",95,2
2420,33,170,8,15,"yes","no","yes",95,2
2544,33,245,8,14,"no","no","yes",95,2
2945,50,250,4,17,"no","no","yes",95,2
2295,33,245,8,14,"no","no","yes",95,2
1495,33,85,2,14,"no","no","yes",95,2
2065,50,170,4,14,"no","no","yes",95,2
2295,66,130,4,14,"no","no","yes",95,2
1799,25,170,4,14,"no","no","yes",95,2
2220,33,250,4,14,"yes","no","yes",95,2
2075,50,170,4,14,"no","no","yes",95,2
1749,25,120,4,14,"no","no","yes",95,2
2195,25,245,8,14,"no","no","yes",95,2
2255,50,250,8,14,"no","no","yes",95,2
2395,33,250,4,15,"no","no","yes",95,2
2720,33,250,8,15,"yes","no","yes",95,2
2195,50,130,4,14,"no","no","yes",95,2
2225,33,250,8,14,"no","no","yes",95,2
4020,66,500,8,14,"yes","no","yes",95,2
2475,50,250,8,14,"no","no","yes",95,2
1975,50,170,4,14,"no","no","yes",95,2
3995,66,452,8,14,"no","no","yes",95,2
2595,66,245,8,14,"no","no","yes",95,2
2295,66,170,4,14,"no","no","yes",95,2
2199,33,212,4,14,"no","no","yes",95,2
1975,33,250,8,14,"no","no","yes",95,2
3895,66,500,8,15,"no","no","yes",95,2
2095,33,250,4,15,"no","no","yes",95,2
2225,33,250,8,15,"no","no","yes",95,2
3599,66,330,8,14,"no","no","yes",95,2
2075,33,250,8,14,"no","no","yes",95,2
2499,33,212,8,14,"no","no","yes",95,2
2575,66,250,8,15,"no","no","yes",95,2
2999,50,170,4,14,"no","no","yes",95,2
2195,33,170,8,15,"no","no","yes",95,2
3065,50,250,4,17,"no","no","yes",95,2
3399,66,230,4,15,"no","no","yes",95,2
1995,33,130,4,14,"no","no","yes",95,2
1595,25,170,4,15,"no","no","yes",95,2
2645,50,250,4,15,"no","no","yes",95,2
2345,50,250,8,14,"no","no","yes",95,2
2795,33,340,16,14,"no","no","yes",95,2
1895,25,130,4,14,"no","no","yes",95,2
2495,50,245,8,14,"no","no","yes",95,2
2599,50,210,4,14,"no","no","yes",95,2
1595,33,85,2,14,"no","no","yes",95,2
1999,33,120,8,14,"no","no","no",95,2
2425,66,250,8,14,"no","no","yes",95,2
2495,33,250,8,15,"no","no","yes",95,2
1795,33,170,4,15,"no","no","yes",95,2
2744,66,245,8,14,"no","no","yes",95,2
3795,33,452,8,14,"no","no","yes",95,2
2745,66,250,4,15,"no","no","yes",95,2
2399,50,212,4,14,"no","no","yes",95,2
2645,33,250,8,17,"no","no","yes",95,2
1945,33,170,4,14,"no","no","yes",95,2
1695,50,85,2,14,"no","no","yes",95,2
2195,50,170,4,14,"no","no","yes",95,2
2815,33,250,4,17,"no","no","yes",95,2
1899,25,120,4,14,"no","no","yes",95,2
2644,50,245,8,14,"no","no","yes",95,2
3795,66,500,8,14,"no","no","yes",95,2
2395,33,245,8,14,"no","no","yes",95,2
1695,33,170,4,14,"no","no","yes",95,2
2575,66,250,8,14,"no","no","yes",95,2
2695,33,340,16,14,"no","no","yes",95,2
2999,66,245,16,15,"no","no","yes",100,3
1899,33,170,4,14,"no","no","yes",100,3
2499,50,210,4,14,"no","no","yes",100,3
1999,33,213,8,14,"no","no","yes",100,3
2055,50,170,4,14,"no","no","yes",100,3
2065,50,170,4,14,"no","no","yes",100,3
2055,33,250,8,14,"no","no","yes",100,3
2099,33,212,4,14,"no","no","yes",100,3
1995,33,130,4,14,"no","no","yes",100,3
2220,33,250,4,14,"yes","no","yes",100,3
3220,66,340,8,15,"yes","no","yes",100,3
3995,66,452,8,14,"no","no","yes",100,3
2785,33,250,8,17,"no","no","yes",100,3
2475,50,250,8,15,"no","no","yes",100,3
1499,25,170,4,14,"no","no","yes",100,3
1595,33,85,2,14,"no","no","yes",100,3
2099,66,120,4,14,"no","no","yes",100,3
2885,66,170,8,15,"no","no","yes",100,3
3795,33,452,8,14,"no","no","yes",100,3
2295,66,170,4,14,"no","no","yes",100,3
3895,66,500,8,15,"no","no","yes",100,3
2395,33,245,8,14,"no","no","yes",100,3
3135,66,250,8,17,"no","no","yes",100,3
2420,33,170,8,15,"yes","no","yes",100,3
2125,66,170,4,14,"no","no","yes",100,3
2985,66,250,8,17,"no","no","yes",100,3
1395,25,85,2,14,"no","no","yes",100,3
2295,33,245,8,14,"no","no","yes",100,3
2095,33,130,4,14,"no","no","yes",100,3
2795,33,340,16,14,"no","no","yes",100,3
1945,33,170,4,14,"no","no","yes",100,3
2635,33,250,8,17,"no","no","yes",100,3
2695,66,250,8,15,"no","no","yes",100,3
2199,50,213,8,14,"no","no","yes",100,3
3895,50,452,8,14,"no","no","yes",100,3
2599,50,212,8,14,"no","no","yes",100,3
2745,66,170,8,14,"no","no","yes",100,3
1920,33,170,4,14,"yes","no","yes",100,3
2895,50,340,16,14,"no","no","yes",100,3
2199,33,210,4,14,"no","no","yes",100,3
2915,50,250,8,17,"no","no","yes",100,3
1999,33,120,8,14,"no","no","no",100,3
2720,33,250,8,15,"yes","no","yes",100,3
1999,33,170,4,14,"no","no","yes",100,3
2195,33,170,8,15,"no","no","yes",100,3
2195,25,245,8,14,"no","no","yes",100,3
2295,66,130,4,14,"no","no","yes",100,3
1595,25,170,4,15,"no","no","yes",100,3
1695,33,170,4,14,"no","no","yes",100,3
1495,25,170,4,14,"no","no","yes",100,3
3795,66,500,8,14,"no","no","yes",100,3
1699,33,120,4,14,"no","no","yes",100,3
1895,25,130,4,14,"no","no","yes",100,3
2335,50,250,8,14,"no","no","yes",100,3
2495,50,245,8,14,"no","no","yes",100,3
2575,66,250,8,14,"no","no","yes",100,3
2495,33,250,8,15,"no","no","yes",100,3
3299,66,245,16,15,"no","no","yes",100,3
2699,66,213,8,14,"no","no","yes",100,3
1695,50,85,2,14,"no","no","yes",100,3
2999,66,170,4,14,"no","no","yes",100,3
2399,66,213,8,14,"no","no","yes",100,3
1499,25,170,4,14,"no","no","yes",100,3
2395,33,170,8,14,"no","no","yes",100,3
1720,25,170,4,14,"yes","no","yes",100,3
1495,33,85,2,14,"no","no","yes",100,3
2399,66,120,4,14,"no","no","yes",100,3
3035,50,250,8,17,"no","no","yes",100,3
2449,33,230,4,14,"no","no","yes",100,3
1775,33,170,4,14,"no","no","yes",100,3
2599,33,245,16,15,"no","no","yes",100,3
2995,66,340,8,15,"no","no","yes",100,3
2345,33,250,8,15,"no","no","yes",100,3
2535,33,170,8,15,"no","no","yes",100,3
2345,50,250,8,14,"no","no","yes",100,3
1899,50,120,4,14,"no","no","yes",100,3
2195,50,130,4,14,"no","no","yes",100,3
2645,50,170,8,14,"no","no","yes",100,3
2785,50,170,8,15,"no","no","yes",100,3
2799,50,245,16,15,"no","no","yes",100,3
2999,66,340,4,15,"no","no","yes",100,3
2095,33,250,4,15,"no","no","yes",100,3
4020,66,500,8,14,"yes","no","yes",100,3
2595,50,250,8,15,"no","no","yes",100,3
2695,33,340,16,14,"no","no","yes",100,3
2195,33,250,8,15,"no","no","yes",100,3
2995,66,340,16,14,"no","no","yes",100,3
2195,50,170,4,14,"no","no","yes",100,3
2399,33,212,8,14,"no","no","yes",100,3
2405,66,250,8,14,"no","no","yes",100,3
1795,66,85,2,14,"no","no","yes",100,3
2225,33,250,8,14,"no","no","yes",100,3
1995,33,250,4,14,"no","no","yes",100,3
2299,50,212,4,14,"no","no","yes",100,3
1795,33,170,4,15,"no","no","yes",100,3
2545,66,250,8,15,"no","no","yes",100,3
2595,66,245,8,14,"no","no","yes",100,3
1399,25,170,4,14,"no","no","yes",100,3
2475,50,250,8,14,"no","no","yes",100,3
2595,25,340,16,14,"no","no","yes",100,3
1695,50,85,2,14,"no","no","yes",108,4
3995,66,452,8,14,"no","no","yes",108,4
2999,66,240,4,15,"no","no","yes",108,4
2495,50,245,8,14,"no","no","yes",108,4
2455,66,250,8,14,"no","no","yes",108,4
2299,50,212,4,14,"no","no","yes",108,4
2690,25,340,16,14,"no","no","yes",108,4
2155,33,250,8,14,"no","no","yes",108,4
2890,33,340,16,14,"no","no","yes",108,4
1899,33,170,4,14,"no","no","yes",108,4
1595,25,170,4,14,"no","no","yes",108,4
1990,25,130,4,14,"no","no","yes",108,4
1895,25,130,4,14,"no","no","yes",108,4
1895,33,170,4,14,"no","no","yes",108,4
2799,50,245,16,15,"no","no","yes",108,4
2590,50,245,8,14,"no","no","yes",108,4
1499,25,170,4,14,"no","no","yes",108,4
2955,50,250,8,17,"no","no","yes",108,4
2285,50,250,8,14,"no","no","yes",108,4
2475,50,250,8,15,"no","no","yes",108,4
3795,33,452,8,14,"no","no","yes",108,4
1999,33,213,8,14,"no","no","yes",108,4
2599,50,212,8,14,"no","no","yes",108,4
2895,50,340,16,14,"no","no","yes",108,4
3895,50,452,8,14,"no","no","yes",108,4
2695,66,250,8,14,"no","no","yes",108,4
1995,50,170,4,14,"no","no","yes",108,4
2399,66,120,4,14,"no","no","yes",108,4
2605,33,250,8,17,"no","no","yes",108,4
2335,66,250,8,14,"no","no","yes",108,4
2195,66,170,4,14,"no","no","yes",108,4
2425,66,250,8,15,"no","no","yes",108,4
2995,66,340,16,14,"no","no","yes",108,4
2599,33,245,16,15,"no","no","yes",108,4
2390,33,245,8,14,"no","no","yes",108,4
1690,33,85,2,14,"no","no","yes",108,4
1495,33,85,2,14,"no","no","yes",108,4
2395,33,250,8,14,"no","no","yes",108,4
2099,33,212,4,14,"no","no","yes",108,4
3090,66,340,16,14,"no","no","yes",108,4
2599,33,240,4,15,"no","no","yes",108,4
1999,33,170,4,14,"no","no","yes",108,4
2195,50,130,4,14,"no","no","yes",108,4
2190,33,130,4,14,"no","no","yes",108,4
2025,50,170,4,14,"no","no","yes",108,4
1699,33,120,4,14,"no","no","yes",108,4
2790,33,340,16,14,"no","no","yes",108,4
1795,33,170,4,14,"no","no","yes",108,4
2990,50,340,16,14,"no","no","yes",108,4
2905,66,250,8,17,"no","no","yes",108,4
2825,33,250,8,17,"no","no","yes",108,4
2390,66,130,4,14,"no","no","yes",108,4
2699,66,213,8,14,"no","no","yes",108,4
2995,66,340,8,15,"no","no","yes",108,4
1590,33,85,2,14,"no","no","yes",108,4
2345,33,250,8,15,"no","no","yes",108,4
2199,50,213,8,14,"no","no","yes",108,4
2290,50,130,4,14,"no","no","yes",108,4
2595,50,250,8,15,"no","no","yes",108,4
2515,33,250,8,15,"no","no","yes",108,4
2145,50,170,4,14,"no","no","yes",108,4
2405,50,250,8,14,"no","no","yes",108,4
2525,50,250,8,14,"no","no","yes",108,4
2595,50,250,8,15,"no","no","yes",108,4
2090,33,130,4,14,"no","no","yes",108,4
2075,66,170,4,14,"no","no","yes",108,4
2799,50,240,4,15,"no","no","yes",108,4
3299,66,245,16,15,"no","no","yes",108,4
2645,66,250,8,15,"no","no","yes",108,4
3125,66,250,8,17,"no","no","yes",108,4
2295,33,245,8,14,"no","no","yes",108,4
1775,33,170,4,14,"no","no","yes",108,4
2095,33,130,4,14,"no","no","yes",108,4
2155,50,250,8,14,"no","no","yes",108,4
3075,50,250,8,17,"no","no","yes",108,4
2815,66,250,8,15,"no","no","yes",108,4
1599,25,170,4,14,"no","no","yes",108,4
2099,33,120,4,14,"no","no","no",108,4
2645,50,250,8,15,"no","no","yes",108,4
1795,66,85,2,14,"no","no","yes",108,4
2035,33,250,8,14,"no","no","yes",108,4
2490,33,245,8,14,"no","no","yes",108,4
3225,66,212,4,15,"no","no","no",108,4
2690,66,245,8,14,"no","no","yes",108,4
2195,25,245,8,14,"no","no","yes",108,4
1890,66,85,2,14,"no","no","yes",108,4
1995,33,130,4,14,"no","no","yes",108,4
2695,33,340,16,14,"no","no","yes",108,4
2595,25,340,16,14,"no","no","yes",108,4
1595,33,85,2,14,"no","no","yes",108,4
1490,25,85,2,14,"no","no","yes",108,4
2125,33,250,8,15,"no","no","yes",108,4
2399,66,213,8,14,"no","no","yes",108,4
2795,33,340,16,14,"no","no","yes",108,4
2290,25,245,8,14,"no","no","yes",108,4
2395,33,245,8,14,"no","no","yes",108,4
2399,33,212,8,14,"no","no","yes",108,4
1790,50,85,2,14,"no","no","yes",108,4
2099,66,120,4,14,"no","no","yes",108,4
1395,25,85,2,14,"no","no","yes",108,4
1895,50,170,4,14,"no","no","yes",108,4
2295,66,130,4,14,"no","no","yes",108,4
2595,66,245,8,14,"no","no","yes",108,4
1899,50,120,4,14,"no","no","yes",108,4
1399,25,170,4,14,"no","no","yes",108,4
2999,66,170,4,14,"no","no","yes",108,4
2999,66,245,16,15,"no","no","yes",108,4
2449,33,230,4,14,"no","no","yes",108,4
1795,33,170,4,14,"no","no","yes",139,5
1899,33,212,4,14,"no","no","yes",139,5
2395,33,340,8,14,"no","no","yes",139,5
2399,50,320,8,14,"no","no","yes",139,5
1595,33,170,4,14,"no","no","yes",139,5
2490,33,340,8,14,"no","no","yes",139,5
2995,66,452,16,14,"no","no","yes",139,5
2890,33,452,16,14,"no","no","yes",139,5
2190,33,214,4,15,"no","no","yes",139,5
2399,66,213,8,14,"no","no","yes",139,5
2285,50,250,8,14,"no","no","yes",139,5
2590,33,340,8,15,"no","no","yes",139,5
2795,33,452,16,14,"no","no","yes",139,5
1495,33,170,4,14,"no","no","yes",139,5
2075,66,170,4,14,"no","no","yes",139,5
2090,33,214,4,15,"no","no","yes",139,5
2195,33,250,8,15,"no","no","yes",139,5
3999,66,340,16,17,"no","no","yes",139,5
1699,33,120,4,14,"no","no","yes",139,5
1995,33,250,8,14,"no","no","yes",139,5
1690,33,107,2,14,"no","no","yes",139,5
3495,33,452,8,14,"no","no","yes",139,5
2195,66,170,4,14,"no","no","yes",139,5
3090,66,452,16,14,"no","no","yes",139,5
2690,25,452,16,14,"no","no","yes",139,5
1895,25,214,4,14,"no","no","yes",139,5
2495,50,250,8,15,"no","no","yes",139,5
2405,50,250,8,14,"no","no","yes",139,5
1595,33,107,2,14,"no","no","yes",139,5
2890,33,452,16,15,"no","no","yes",139,5
2390,25,340,8,14,"no","no","yes",139,5
1690,33,107,2,15,"no","no","yes",139,5
2295,25,340,8,14,"no","no","yes",139,5
2790,33,452,16,14,"no","no","yes",139,5
2695,33,452,16,14,"no","no","yes",139,5
2595,25,452,16,14,"no","no","yes",139,5
1995,33,214,4,14,"no","no","yes",139,5
2049,33,405,4,14,"no","no","yes",139,5
1399,25,170,4,14,"no","no","yes",139,5
2805,33,250,8,17,"no","no","yes",139,5
2019,33,120,4,14,"no","no","no",139,5
3055,50,250,8,17,"no","no","yes",139,5
2990,50,452,16,14,"no","no","yes",139,5
2605,33,250,8,17,"no","no","yes",139,5
2125,33,250,8,15,"no","no","yes",139,5
1490,25,107,2,14,"no","no","yes",139,5
1699,33,170,4,14,"no","no","yes",139,5
2495,33,340,8,14,"no","no","yes",139,5
2599,33,245,16,15,"no","no","yes",139,5
2220,33,250,8,14,"yes","no","yes",139,5
1590,33,107,2,15,"no","no","yes",139,5
1499,33,120,4,14,"no","no","yes",139,5
2625,66,250,8,15,"no","no","yes",139,5
1395,25,107,2,14,"no","no","yes",139,5
2395,33,250,8,14,"no","no","yes",139,5
2420,33,250,8,15,"yes","no","yes",139,5
2425,66,250,8,15,"no","no","yes",139,5
2515,33,250,8,15,"no","no","yes",139,5
2375,50,250,8,15,"no","no","yes",139,5
3105,66,250,8,17,"no","no","yes",139,5
2390,66,214,4,15,"no","no","yes",139,5
2905,66,250,8,17,"no","no","yes",139,5
2690,25,452,16,15,"no","no","yes",139,5
2695,66,250,8,14,"no","no","yes",139,5
1790,50,107,2,14,"no","no","yes",139,5
3495,66,500,8,14,"no","no","yes",139,5
2790,33,452,16,15,"no","no","yes",139,5
1790,50,107,2,15,"no","no","yes",139,5
1795,66,107,2,14,"no","no","yes",139,5
2995,66,340,8,15,"yes","no","yes",139,5
1995,50,170,4,14,"no","no","yes",139,5
2599,50,405,8,14,"no","no","yes",139,5
3720,66,500,8,14,"yes","no","yes",139,5
2155,33,250,8,14,"no","no","yes",139,5
1599,25,170,4,14,"no","no","yes",139,5
2525,50,250,8,14,"no","no","yes",139,5
2299,33,405,8,14,"no","no","yes",139,5
1895,33,170,4,14,"no","no","yes",139,5
1490,25,107,2,15,"no","no","yes",139,5
2035,33,250,8,14,"no","no","yes",139,5
1720,33,170,4,14,"yes","no","yes",139,5
2595,50,250,8,15,"no","no","yes",139,5
2290,50,214,4,15,"no","no","yes",139,5
2455,50,250,8,15,"no","no","yes",139,5
1695,50,107,2,14,"no","no","yes",139,5
2249,50,230,4,14,"no","no","yes",139,5
1999,50,212,4,14,"no","no","yes",139,5
2455,66,250,8,14,"no","no","yes",139,5
2595,50,340,8,14,"no","no","yes",139,5
2859,66,212,4,15,"no","no","no",139,5
2599,50,405,4,15,"no","no","yes",139,5
2855,50,250,8,17,"no","no","yes",139,5
2790,66,340,8,14,"no","no","yes",139,5
3990,66,1000,16,14,"no","no","yes",139,5
3595,50,452,8,14,"no","no","yes",139,5
2195,50,214,4,14,"no","no","yes",139,5
3599,66,405,8,14,"no","no","yes",139,5
2690,50,340,8,15,"no","no","yes",139,5
1999,33,213,8,14,"no","no","yes",139,5
2990,50,452,16,15,"no","no","yes",139,5
1890,66,107,2,14,"no","no","yes",139,5
2190,33,214,4,14,"no","no","yes",139,5
2720,50,250,8,15,"yes","no","yes",139,5
2145,50,170,4,14,"no","no","yes",139,5
2295,66,214,4,14,"no","no","yes",139,5
1990,25,214,4,15,"no","no","yes",139,5
2695,66,340,8,14,"no","no","yes",139,5
3149,66,230,8,14,"no","no","yes",139,5
1775,33,170,4,14,"no","no","yes",139,5
2490,33,340,8,15,"no","no","yes",139,5
3599,33,340,16,17,"no","no","yes",139,5
2690,50,340,8,14,"no","no","yes",139,5
3195,66,540,8,15,"no","no","yes",139,5
3695,66,452,8,14,"no","no","yes",139,5
2645,50,250,8,15,"no","no","yes",139,5
3090,66,452,16,15,"no","no","yes",139,5
1890,66,107,2,15,"no","no","yes",139,5
1999,33,170,4,14,"no","no","yes",139,5
2935,50,250,8,17,"no","no","yes",139,5
1990,25,214,4,14,"no","no","yes",139,5
2290,50,214,4,14,"no","no","yes",139,5
2390,66,214,4,14,"no","no","yes",139,5
2025,50,170,4,14,"no","no","yes",139,5
2095,33,214,4,14,"no","no","yes",139,5
2590,33,340,8,14,"no","no","yes",139,5
1499,25,170,4,14,"no","no","yes",139,5
2325,33,250,8,15,"no","no","yes",139,5
2099,66,120,4,14,"no","no","yes",139,5
2999,66,245,16,15,"no","no","yes",139,5
2790,66,340,8,15,"no","no","yes",139,5
1590,33,107,2,14,"no","no","yes",139,5
2499,50,170,4,14,"no","no","yes",139,5
2575,50,250,8,15,"no","no","yes",139,5
2390,25,340,8,15,"no","no","yes",139,5
1495,33,107,2,14,"no","no","yes",139,5
2895,50,452,16,14,"no","no","yes",139,5
2335,66,250,8,14,"no","no","yes",139,5
2090,33,214,4,14,"no","no","yes",139,5
2815,66,250,8,15,"no","no","yes",139,5
2195,50,250,4,14,"no","no","yes",176,6
1899,33,170,4,14,"no","no","yes",176,6
3599,66,450,8,14,"no","no","yes",176,6
2095,33,250,4,14,"no","no","yes",176,6
2690,33,452,16,15,"no","no","yes",176,6
2795,66,250,8,15,"no","no","yes",176,6
2799,33,240,4,14,"no","no","no",176,6
2698,66,245,8,14,"yes","no","yes",176,6
2390,33,340,8,14,"no","no","yes",176,6
2695,66,340,8,14,"no","no","yes",176,6
2095,33,214,4,14,"no","no","yes",176,6
2599,50,450,8,15,"no","no","yes",176,6
1825,50,170,4,14,"no","no","yes",176,6
1790,50,107,2,15,"no","no","yes",176,6
2720,66,340,8,14,"yes","no","yes",176,6
1295,25,107,2,14,"no","no","yes",176,6
2990,50,452,16,14,"no","no","yes",176,6
1890,66,107,2,15,"no","no","yes",176,6
2595,33,452,16,14,"no","no","yes",176,6
1490,33,107,2,14,"no","no","yes",176,6
2075,50,250,8,14,"no","no","yes",176,6
3699,33,345,16,17,"no","no","yes",176,6
2690,33,452,16,14,"no","no","yes",176,6
2245,66,250,4,15,"no","no","yes",176,6
3999,66,345,16,17,"no","no","yes",176,6
2195,50,214,4,14,"no","no","yes",176,6
2999,50,240,4,14,"no","no","no",176,6
1895,33,212,8,14,"no","no","yes",176,6
2295,50,212,8,15,"no","no","yes",176,6
2190,33,214,4,14,"no","no","yes",176,6
1690,33,107,2,14,"no","no","yes",176,6
1390,25,107,2,15,"no","no","yes",176,6
1890,25,214,4,14,"no","no","yes",176,6
2290,25,340,8,14,"no","no","yes",176,6
1720,33,170,4,14,"yes","no","yes",176,6
2325,66,250,8,15,"no","no","yes",176,6
1699,33,170,4,14,"no","no","yes",176,6
2045,50,250,4,15,"no","no","yes",176,6
2299,66,120,4,14,"no","no","no",176,6
2755,66,250,8,17,"no","no","yes",176,6
2145,66,250,4,14,"no","no","yes",176,6
3090,66,452,16,14,"no","no","yes",176,6
2790,66,340,8,14,"no","no","yes",176,6
2099,33,120,4,14,"no","no","no",176,6
1998,66,130,4,14,"yes","no","yes",176,6
2590,33,340,8,14,"no","no","yes",176,6
3365,50,540,8,17,"no","no","yes",176,6
2545,66,250,8,15,"no","no","yes",176,6
3265,33,540,8,17,"no","no","yes",176,6
2250,66,170,4,14,"yes","no","yes",176,6
2890,33,452,16,14,"no","no","yes",176,6
1599,25,170,4,14,"no","no","yes",176,6
1825,33,170,4,15,"no","no","yes",176,6
2125,66,170,4,15,"no","no","yes",176,6
2245,33,250,8,15,"no","no","yes",176,6
1945,33,250,4,15,"no","no","yes",176,6
2890,33,452,16,15,"no","no","yes",176,6
1599,66,130,4,14,"no","no","yes",176,6
2295,66,214,4,14,"no","no","yes",176,6
1520,25,80,4,14,"yes","no","yes",176,6
2745,33,540,8,14,"no","no","yes",176,6
2899,66,340,8,15,"no","no","yes",176,6
2390,66,214,4,14,"no","no","yes",176,6
1675,25,120,4,14,"no","no","no",176,6
3149,66,230,8,14,"no","no","yes",176,6
2590,25,452,16,14,"no","no","yes",176,6
1999,50,212,4,14,"no","no","yes",176,6
2590,25,452,16,15,"no","no","yes",176,6
1449,25,120,4,14,"no","no","no",176,6
1490,33,107,2,15,"no","no","yes",176,6
2299,66,245,8,14,"no","no","yes",176,6
1595,33,107,2,14,"no","no","yes",176,6
2495,33,250,8,15,"no","no","yes",176,6
1890,66,107,2,14,"no","no","yes",176,6
2995,66,452,16,14,"no","no","yes",176,6
3609,66,527,4,15,"no","no","no",176,6
2790,66,340,8,15,"no","no","yes",176,6
2295,33,340,8,14,"no","no","yes",176,6
1799,33,120,4,14,"no","no","no",176,6
3990,66,1000,16,14,"no","no","yes",176,6
2999,66,240,4,15,"no","no","yes",176,6
2275,33,250,8,15,"no","no","yes",176,6
2290,50,214,4,15,"no","no","yes",176,6
1499,33,130,4,14,"no","no","yes",176,6
2555,50,250,8,17,"no","no","yes",176,6
2025,66,170,4,14,"no","no","yes",176,6
2299,33,450,8,14,"no","no","yes",176,6
1975,33,250,8,14,"no","no","yes",176,6
2109,33,120,4,14,"no","no","no",176,6
3595,66,500,8,15,"no","no","yes",176,6
2595,66,340,8,15,"no","no","yes",176,6
2395,66,250,4,14,"no","no","yes",176,6
1899,33,250,4,14,"no","no","yes",176,6
2120,33,212,8,14,"yes","no","yes",176,6
1790,50,107,2,14,"no","no","yes",176,6
1899,33,212,4,14,"no","no","yes",176,6
1990,33,214,4,14,"no","no","yes",176,6
1399,25,170,4,14,"no","no","yes",176,6
1898,33,130,4,14,"yes","no","yes",176,6
1725,33,170,4,14,"no","no","yes",176,6
2595,50,250,8,15,"no","no","yes",176,6
1499,25,170,4,14,"no","no","yes",176,6
1990,33,214,4,15,"no","no","yes",176,6
2595,50,340,8,14,"no","no","yes",176,6
1395,25,80,4,15,"no","no","yes",176,6
2675,33,250,8,17,"no","no","yes",176,6
1899,25,120,4,14,"no","no","no",176,6
2990,50,452,16,15,"no","no","yes",176,6
1925,50,170,4,15,"no","no","yes",176,6
4098,33,345,16,17,"yes","no","yes",176,6
2895,50,452,16,14,"no","no","yes",176,6
2495,66,340,8,14,"no","no","yes",176,6
1995,33,212,8,15,"no","no","yes",176,6
1595,33,170,4,15,"no","no","yes",176,6
2195,25,340,8,14,"no","no","yes",176,6
2399,50,320,8,14,"no","no","yes",176,6
2390,33,340,8,15,"no","no","yes",176,6
2690,50,340,8,14,"no","no","yes",176,6
1690,33,107,2,15,"no","no","yes",176,6
2398,33,245,8,14,"yes","no","yes",176,6
2775,50,250,8,17,"no","no","yes",176,6
1395,33,107,2,14,"no","no","yes",176,6
2520,50,212,8,15,"yes","no","yes",176,6
2125,50,250,8,15,"no","no","yes",176,6
4398,66,345,16,17,"yes","no","yes",176,6
2290,50,214,4,14,"no","no","yes",176,6
2489,50,250,8,15,"no","no","yes",176,6
2190,33,214,4,15,"no","no","yes",176,6
2599,33,240,4,15,"no","no","yes",176,6
3789,66,527,8,15,"no","no","no",176,6
2699,33,345,16,15,"no","no","yes",176,6
2799,50,240,4,15,"no","no","yes",176,6
2499,50,170,4,14,"no","no","yes",176,6
2049,33,450,4,14,"no","no","yes",176,6
2575,66,250,8,15,"no","no","yes",176,6
2999,66,345,16,15,"no","no","yes",176,6
3495,66,500,8,14,"no","no","yes",176,6
2995,66,340,16,15,"yes","no","yes",176,6
2275,66,250,8,14,"no","no","yes",176,6
2590,33,340,8,15,"no","no","yes",176,6
2975,66,250,8,17,"no","no","yes",176,6
1950,33,170,4,14,"yes","no","yes",176,6
2599,50,450,8,14,"no","no","yes",176,6
1695,50,107,2,14,"no","no","yes",176,6
2455,33,250,8,17,"no","no","yes",176,6
1495,33,170,4,14,"no","no","yes",176,6
2290,25,340,8,15,"no","no","yes",176,6
3720,66,500,8,14,"yes","no","yes",176,6
1795,66,107,2,14,"no","no","yes",176,6
2495,33,340,8,14,"no","no","yes",176,6
3565,66,540,8,17,"no","no","yes",176,6
2845,50,540,8,14,"no","no","yes",176,6
2025,33,250,8,15,"no","no","yes",176,6
3045,66,540,8,14,"no","no","yes",176,6
2299,50,230,4,14,"no","no","yes",176,6
2345,50,250,8,15,"no","no","yes",176,6
2390,66,214,4,15,"no","no","yes",176,6
2795,33,452,16,14,"no","no","yes",176,6
1390,25,107,2,14,"no","no","yes",176,6
1749,33,250,4,14,"no","no","yes",176,6
2690,50,340,8,15,"no","no","yes",176,6
1579,25,120,4,14,"no","no","no",176,6
3098,33,345,16,15,"yes","no","yes",176,6
1295,25,80,4,14,"no","no","yes",176,6
1945,50,250,4,14,"no","no","yes",176,6
2099,33,120,4,14,"no","no","no",176,6
1999,33,245,8,14,"no","no","yes",176,6
3090,66,452,16,15,"no","no","yes",176,6
1890,25,214,4,15,"no","no","yes",176,6
1895,33,214,4,14,"no","no","yes",176,6
3398,66,345,16,15,"yes","no","yes",176,6
1845,33,250,4,14,"no","no","yes",176,6
1795,25,214,4,14,"no","no","yes",176,6
2050,50,170,4,14,"yes","no","yes",176,6
2495,25,452,16,14,"no","no","yes",176,6
2375,50,250,8,15,"no","no","yes",176,6
1690,33,107,2,15,"no","no","yes",249,7
3299,50,450,8,15,"no","no","yes",249,7
1995,66,107,2,14,"no","no","yes",249,7
1495,25,107,2,14,"no","no","yes",249,7
2999,66,345,16,15,"no","no","yes",249,7
3599,33,345,16,17,"no","no","yes",249,7
3295,66,545,8,14,"no","no","yes",249,7
3999,66,450,8,17,"no","no","yes",249,7
3025,33,1370,8,14,"no","no","yes",249,7
1890,25,214,4,15,"no","no","yes",249,7
2648,66,245,8,14,"yes","no","yes",249,7
2295,66,214,4,14,"no","no","yes",249,7
2199,66,340,4,14,"no","no","yes",249,7
2090,66,107,2,14,"no","no","yes",249,7
2075,33,250,8,15,"no","no","yes",249,7
2744,33,452,16,14,"no","no","yes",249,7
2425,33,545,8,14,"no","no","yes",249,7
1749,33,230,4,14,"no","no","yes",249,7
1899,33,230,4,14,"no","no","yes",249,7
1520,25,170,4,14,"yes","no","yes",249,7
1795,33,214,8,14,"no","no","yes",249,7
1879,50,210,4,15,"no","no","yes",249,7
1590,25,107,2,15,"no","no","yes",249,7
1890,33,107,2,14,"no","no","yes",249,7
1720,33,212,4,14,"yes","no","yes",249,7
1845,33,250,8,15,"no","no","yes",249,7
2495,25,452,16,14,"no","no","yes",249,7
3099,66,450,16,15,"yes","no","yes",249,7
2990,50,452,16,14,"no","no","yes",249,7
2144,66,107,2,14,"no","no","yes",249,7
1890,33,107,2,15,"no","no","yes",249,7
1975,33,250,8,14,"no","no","yes",249,7
1945,33,250,4,14,"yes","yes","yes",249,7
4248,66,345,16,17,"yes","no","yes",249,7
2244,25,340,8,14,"no","no","yes",249,7
2044,33,107,2,14,"no","no","yes",249,7
1690,33,107,2,14,"no","no","yes",249,7
2844,66,340,8,14,"no","no","yes",249,7
1749,33,170,4,14,"no","no","yes",249,7
2395,33,340,8,17,"no","no","yes",249,7
1890,25,214,4,14,"no","no","yes",249,7
2694,25,452,16,14,"yes","no","yes",249,7
2465,33,250,8,17,"no","no","yes",249,7
1999,33,245,8,14,"no","no","yes",249,7
1599,25,120,4,14,"no","no","no",249,7
2745,66,250,8,17,"no","no","yes",249,7
1595,33,107,2,14,"no","no","yes",249,7
1999,33,120,4,14,"no","no","no",249,7
1939,50,170,4,14,"yes","yes","yes",249,7
1590,25,107,2,14,"no","no","yes",249,7
1695,33,250,4,14,"no","no","yes",249,7
3048,33,345,16,15,"yes","no","yes",249,7
1599,25,170,4,14,"no","no","yes",249,7
2144,50,107,2,14,"no","no","yes",249,7
2744,25,452,16,14,"no","no","yes",249,7
1399,25,170,4,14,"no","no","yes",249,7
2015,66,210,4,14,"yes","no","yes",249,7
2799,66,450,8,15,"yes","no","yes",249,7
2095,25,340,8,14,"no","no","yes",249,7
2544,66,214,4,14,"no","no","yes",249,7
3948,33,345,16,17,"yes","no","yes",249,7
2690,33,452,16,15,"no","no","yes",249,7
2699,33,345,16,15,"no","no","yes",249,7
2490,33,340,8,14,"no","no","yes",249,7
2244,33,214,4,14,"no","no","yes",249,7
1399,33,130,4,14,"no","no","yes",249,7
2795,33,452,16,14,"no","no","yes",249,7
3595,50,452,8,14,"no","no","yes",249,7
2045,33,250,4,15,"yes","yes","yes",249,7
2290,50,214,4,15,"no","no","yes",249,7
3090,66,452,16,15,"no","no","yes",249,7
2644,33,340,8,14,"no","no","yes",249,7
2348,33,245,8,14,"yes","no","yes",249,7
2120,33,212,8,14,"yes","no","yes",249,7
2494,66,214,4,14,"yes","no","yes",249,7
2394,33,340,8,14,"yes","no","yes",249,7
1845,66,210,4,14,"no","no","yes",249,7
3044,50,452,16,14,"no","no","yes",249,7
2195,50,214,4,14,"no","no","yes",249,7
2995,66,340,16,15,"yes","no","yes",249,7
1829,33,170,4,14,"yes","yes","yes",249,7
2845,66,340,8,17,"yes","no","yes",249,7
1395,25,107,4,14,"no","no","yes",249,7
3495,33,452,8,14,"no","no","yes",249,7
2890,33,452,16,14,"no","no","yes",249,7
2344,33,214,4,14,"no","no","yes",249,7
2944,33,452,16,14,"no","no","yes",249,7
2290,33,340,8,15,"no","no","yes",249,7
2799,33,240,4,14,"no","no","no",249,7
2895,50,452,16,14,"no","no","yes",249,7
2599,50,230,4,14,"yes","yes","yes",249,7
3499,66,450,8,17,"no","no","yes",249,7
1509,50,130,4,14,"no","no","yes",249,7
2399,50,340,8,14,"yes","no","yes",249,7
2290,50,214,4,14,"no","no","yes",249,7
2544,33,340,8,14,"no","no","yes",249,7
2295,66,250,8,15,"yes","no","yes",249,7
1579,25,120,4,14,"no","no","no",249,7
2495,50,340,8,14,"no","no","yes",249,7
1944,33,107,2,14,"no","no","yes",249,7
1769,66,170,4,14,"no","no","yes",249,7
3094,50,452,16,14,"yes","no","yes",249,7
1849,33,170,4,14,"no","no","yes",249,7
1744,25,107,2,14,"no","no","yes",249,7
2744,50,340,8,14,"no","no","yes",249,7
1848,33,130,4,14,"yes","no","yes",249,7
1644,25,107,2,14,"no","no","yes",249,7
2344,50,214,4,14,"no","no","yes",249,7
2694,50,340,8,14,"yes","no","yes",249,7
2495,66,340,8,14,"yes","no","yes",249,7
2945,66,250,8,15,"no","no","yes",249,7
2395,50,340,8,15,"no","no","yes",249,7
2590,25,452,16,15,"no","no","yes",249,7
1795,33,107,2,14,"no","no","yes",249,7
1559,50,130,4,14,"no","no","yes",249,7
2444,50,214,4,14,"no","no","yes",249,7
1794,33,107,2,14,"yes","no","yes",249,7
3348,66,345,16,15,"yes","no","yes",249,7
2999,66,540,8,15,"no","no","yes",249,7
2294,33,214,4,14,"yes","no","yes",249,7
2095,33,214,4,14,"no","no","yes",249,7
1995,33,212,8,15,"no","no","yes",249,7
1769,33,210,4,15,"no","no","yes",249,7
2059,66,170,4,14,"yes","yes","yes",249,7
2990,50,452,16,15,"no","no","yes",249,7
2290,33,340,8,14,"no","no","yes",249,7
1299,33,130,4,14,"no","no","yes",249,7
2399,50,250,8,15,"no","no","yes",249,7
3789,66,527,8,15,"no","no","no",249,7
2325,66,250,8,15,"no","no","yes",249,7
3495,66,500,8,14,"no","no","yes",249,7
2644,25,452,16,14,"no","no","yes",249,7
2644,50,340,8,14,"no","no","yes",249,7
1694,25,107,2,14,"yes","no","yes",249,7
1990,33,214,4,14,"no","no","yes",249,7
2225,66,250,4,14,"yes","yes","yes",249,7
1295,25,170,4,14,"no","no","yes",249,7
2144,33,214,4,14,"no","no","yes",249,7
1499,25,170,4,14,"no","no","yes",249,7
2294,25,340,8,14,"yes","no","yes",249,7
3695,66,452,8,14,"no","no","yes",249,7
2099,33,120,4,14,"no","no","no",249,7
2794,33,452,16,14,"yes","no","yes",249,7
2590,50,340,8,15,"no","no","yes",249,7
1795,25,214,4,14,"no","no","yes",249,7
1539,33,170,4,14,"no","no","yes",249,7
2090,66,107,2,15,"no","no","yes",249,7
2344,25,340,8,14,"no","no","yes",249,7
2195,33,340,8,14,"no","no","yes",249,7
1879,50,170,4,14,"no","no","yes",249,7
1975,66,250,4,14,"no","no","yes",249,7
2390,66,214,4,15,"no","no","yes",249,7
3720,66,500,8,14,"yes","no","yes",249,7
1895,50,107,2,14,"no","no","yes",249,7
1999,66,210,4,15,"no","no","yes",249,7
2595,66,340,8,14,"no","no","yes",249,7
2620,50,340,8,15,"yes","no","yes",249,7
2344,33,340,8,14,"no","no","yes",249,7
1990,50,107,2,14,"no","no","yes",249,7
2094,50,107,2,14,"yes","no","yes",249,7
1945,33,340,8,15,"no","no","yes",249,7
2190,33,214,4,15,"no","no","yes",249,7
2299,66,120,4,14,"no","no","no",249,7
2444,33,340,8,14,"no","no","yes",249,7
2175,66,250,8,15,"no","no","yes",249,7
2044,33,214,4,14,"no","no","yes",249,7
2244,66,107,2,14,"no","no","yes",249,7
2125,66,250,8,15,"no","no","yes",249,7
2845,66,250,8,14,"no","no","yes",249,7
3899,66,345,16,17,"no","no","yes",249,7
1649,50,170,4,14,"no","no","yes",249,7
2595,66,340,8,15,"yes","no","yes",249,7
3144,66,452,16,14,"no","no","yes",249,7
1999,33,230,4,14,"no","no","yes",249,7
2899,50,240,4,14,"no","no","no",249,7
3090,66,452,16,14,"no","no","yes",249,7
2094,33,214,4,14,"yes","no","yes",249,7
1895,33,214,4,14,"no","no","yes",249,7
2999,66,450,8,15,"no","no","yes",249,7
2994,33,452,16,14,"yes","no","yes",249,7
1495,33,107,4,14,"no","no","yes",249,7
1395,25,170,4,15,"no","no","yes",249,7
2675,66,340,8,17,"no","no","yes",249,7
2394,50,214,4,14,"yes","no","yes",249,7
2590,25,452,16,14,"no","no","yes",249,7
2690,33,452,16,14,"no","no","yes",249,7
1990,33,214,4,15,"no","no","yes",249,7
2190,25,340,8,15,"no","no","yes",249,7
3895,66,1370,8,14,"no","no","yes",249,7
2999,66,320,8,15,"yes","yes","yes",249,7
2890,33,452,16,15,"no","no","yes",249,7
1799,33,120,4,14,"no","no","no",249,7
2794,66,340,8,14,"yes","no","yes",249,7
1899,25,120,4,14,"no","no","no",249,7
2190,33,214,4,14,"no","no","yes",249,7
1399,25,170,4,14,"no","no","yes",249,7
2844,33,452,16,14,"no","no","yes",249,7
1559,33,170,4,14,"no","no","yes",249,7
2995,66,452,16,14,"no","no","yes",249,7
2325,66,250,4,15,"yes","yes","yes",249,7
1599,66,130,4,14,"no","no","yes",249,7
2299,66,245,8,14,"no","no","yes",249,7
1865,33,250,4,14,"yes","no","yes",249,7
1990,50,107,2,15,"no","no","yes",249,7
1994,33,107,2,14,"yes","no","yes",249,7
2109,33,120,4,14,"no","no","no",249,7
1948,66,130,4,14,"yes","no","yes",249,7
1575,33,210,4,14,"no","no","yes",249,7
2690,66,340,8,14,"no","no","yes",249,7
1449,25,120,4,14,"no","no","no",249,7
2690,66,340,8,15,"no","no","yes",249,7
1695,25,214,8,14,"no","no","yes",249,7
2145,66,250,4,14,"yes","no","yes",249,7
2044,25,214,4,14,"no","no","yes",249,7
1895,33,250,8,15,"no","no","yes",249,7
2015,33,250,8,15,"yes","no","yes",249,7
2490,33,340,8,15,"no","no","yes",249,7
1844,33,107,2,14,"no","no","yes",249,7
1049,33,80,2,14,"no","no","yes",249,7
2595,33,452,16,14,"no","no","yes",249,7
2390,66,214,4,14,"no","no","yes",249,7
1799,33,250,4,14,"no","no","yes",249,7
1744,33,107,2,14,"no","no","yes",249,7
2565,33,340,8,17,"yes","no","yes",249,7
2744,66,340,8,14,"no","no","yes",249,7
2799,50,320,8,15,"no","no","yes",249,7
1994,25,214,4,14,"yes","no","yes",249,7
1495,33,212,4,14,"no","no","yes",249,7
2045,33,250,8,15,"no","no","yes",249,7
3194,66,452,16,14,"yes","no","yes",249,7
1499,33,130,4,14,"no","no","yes",249,7
2194,66,107,2,14,"yes","no","yes",249,7
3609,66,527,4,15,"no","no","no",249,7
2190,25,340,8,14,"no","no","yes",249,7
1745,33,210,4,14,"yes","no","yes",249,7
2590,50,340,8,14,"no","no","yes",249,7
1639,66,130,4,14,"no","no","yes",249,7
2044,50,107,2,14,"no","no","yes",249,7
3244,66,452,16,14,"no","no","yes",249,7
3595,66,500,8,15,"no","no","yes",249,7
1595,33,212,4,15,"no","no","yes",249,7
2444,66,214,4,14,"no","no","yes",249,7
3144,50,452,16,14,"no","no","yes",249,7
2395,33,340,8,14,"no","no","yes",249,7
1944,25,214,4,14,"no","no","yes",249,7
2594,33,340,8,14,"yes","no","yes",249,7
1895,33,212,8,14,"no","no","yes",249,7
3044,33,452,16,14,"no","no","yes",249,7
2225,66,340,8,15,"no","no","yes",249,7
1495,33,212,4,14,"no","no","yes",298,8
2799,50,320,8,15,"no","no","yes",298,8
1544,25,107,2,14,"no","no","yes",298,8
2344,33,426,8,14,"no","no","yes",298,8
2794,33,540,16,14,"yes","no","yes",298,8
1399,25,170,4,14,"no","no","yes",298,8
2295,50,107,4,14,"no","no","yes",298,8
2195,66,214,4,14,"no","no","yes",298,8
2594,50,426,8,14,"yes","no","yes",298,8
3299,50,450,8,15,"no","no","yes",298,8
2194,25,426,8,14,"yes","no","yes",298,8
3499,66,450,8,17,"no","no","yes",298,8
2090,33,214,4,14,"no","no","yes",298,8
2695,66,340,4,14,"no","no","yes",298,8
2644,50,426,8,14,"no","no","yes",298,8
1695,25,214,4,14,"no","no","yes",298,8
2095,50,214,4,14,"no","no","yes",298,8
1594,25,107,2,14,"yes","no","yes",298,8
1845,66,210,4,14,"no","no","yes",298,8
2044,50,107,2,14,"no","no","yes",298,8
4295,33,1100,16,14,"no","no","yes",298,8
2795,33,540,16,14,"no","no","yes",298,8
2045,33,250,8,15,"no","no","yes",298,8
2544,33,426,8,14,"no","no","yes",298,8
2399,50,340,8,14,"yes","no","yes",298,8
2225,66,250,4,14,"yes","yes","yes",298,8
1470,25,214,4,14,"no","no","yes",298,8
1575,33,210,4,14,"no","no","yes",298,8
2394,66,214,4,14,"yes","no","yes",298,8
1795,50,107,2,14,"no","no","yes",298,8
1599,50,170,4,14,"no","no","yes",298,8
1299,33,130,4,14,"no","no","yes",298,8
4494,33,1100,16,14,"yes","no","yes",298,8
2744,33,540,16,14,"no","no","yes",298,8
2444,33,426,8,14,"no","no","yes",298,8
2090,25,426,8,15,"no","no","yes",298,8
2290,66,214,4,14,"no","no","yes",298,8
2469,50,340,8,17,"no","no","yes",298,8
1495,33,107,4,14,"no","no","yes",298,8
1994,33,214,4,14,"yes","no","yes",298,8
1644,33,107,2,14,"no","no","yes",298,8
2325,66,250,8,15,"no","no","yes",298,8
3515,66,424,16,17,"yes","no","yes",298,8
1544,33,107,4,14,"no","no","yes",298,8
1579,25,120,4,14,"no","no","no",298,8
1509,50,130,4,14,"no","no","yes",298,8
2589,66,340,8,17,"no","no","yes",298,8
2090,25,426,8,14,"no","no","yes",298,8
2565,33,340,8,17,"yes","no","yes",298,8
2494,50,107,4,14,"yes","no","yes",298,8
1865,25,170,4,17,"no","no","yes",298,8
2175,66,250,8,15,"no","no","yes",298,8
2190,50,214,4,14,"no","no","yes",298,8
1444,25,107,4,14,"no","no","yes",298,8
2109,33,120,4,14,"no","no","no",298,8
2395,50,426,8,14,"no","no","yes",298,8
1790,33,107,2,15,"no","no","yes",298,8
1795,25,107,4,14,"yes","yes","yes",298,8
1695,33,250,4,14,"no","no","yes",298,8
3144,66,540,16,14,"no","no","yes",298,8
1999,33,230,4,14,"no","no","yes",298,8
2494,33,426,8,14,"yes","no","yes",298,8
1894,25,214,4,14,"yes","no","yes",298,8
2894,66,340,4,14,"yes","no","yes",298,8
2399,50,250,8,15,"no","no","yes",298,8
1590,33,107,2,15,"no","no","yes",298,8
1799,33,120,4,14,"no","no","no",298,8
1999,33,245,8,14,"no","no","yes",298,8
3094,50,540,16,14,"yes","no","yes",298,8
2899,50,240,4,14,"no","no","no",298,8
1879,50,170,4,14,"no","no","yes",298,8
2744,25,540,16,14,"no","no","yes",298,8
2495,33,340,4,14,"no","no","yes",298,8
2594,66,107,4,14,"yes","no","yes",298,8
2845,66,340,8,17,"yes","no","yes",298,8
1799,33,170,4,14,"yes","yes","yes",298,8
2999,66,540,8,15,"no","no","yes",298,8
3495,50,452,8,14,"no","no","yes",298,8
3295,66,545,8,14,"no","no","yes",298,8
3099,66,450,16,15,"yes","no","yes",298,8
1890,50,107,2,14,"no","no","yes",298,8
4594,50,1100,16,14,"yes","no","yes",298,8
1819,50,210,4,15,"no","no","yes",298,8
1590,33,107,2,14,"no","no","yes",298,8
1899,25,120,4,14,"no","no","no",298,8
2090,33,214,4,15,"no","no","yes",298,8
3395,33,452,8,14,"no","no","yes",298,8
3025,33,1370,8,14,"no","no","yes",298,8
1795,33,214,4,14,"no","no","yes",298,8
2590,25,540,16,14,"no","no","yes",298,8
2295,66,250,8,15,"yes","no","yes",298,8
1999,33,120,4,14,"no","no","no",298,8
1945,33,250,4,14,"yes","yes","yes",298,8
1844,25,214,4,14,"no","no","yes",298,8
2845,66,250,8,14,"no","no","yes",298,8
1599,25,120,4,14,"no","no","no",298,8
1890,33,214,4,14,"no","no","yes",298,8
1295,25,170,4,14,"no","no","yes",298,8
2844,33,540,16,14,"no","no","yes",298,8
1944,33,214,4,14,"no","no","yes",298,8
1849,33,170,4,14,"no","no","yes",298,8
1994,33,214,8,14,"yes","no","yes",298,8
2045,33,250,4,15,"yes","yes","yes",298,8
2390,33,426,8,15,"no","no","yes",298,8
1995,33,340,8,14,"no","no","yes",298,8
1490,25,107,2,15,"no","no","yes",298,8
3599,33,345,16,17,"no","no","yes",298,8
2344,50,214,4,14,"no","no","yes",298,8
2644,66,426,8,14,"no","no","yes",298,8
2544,50,426,8,14,"no","no","yes",298,8
1990,66,107,2,15,"no","no","yes",298,8
1695,25,214,8,14,"no","no","yes",298,8
2195,33,214,8,14,"yes","yes","yes",298,8
2190,50,214,4,15,"no","no","yes",298,8
2994,33,540,16,14,"yes","no","yes",298,8
1544,50,130,4,14,"no","no","yes",298,8
2890,33,540,16,15,"no","no","yes",298,8
2995,66,424,16,15,"yes","no","yes",298,8
2294,50,214,4,14,"yes","no","yes",298,8
1559,33,170,4,14,"no","no","yes",298,8
3789,66,527,8,15,"no","no","no",298,8
1895,33,107,4,14,"yes","yes","yes",298,8
1919,50,170,4,14,"yes","yes","yes",298,8
2144,25,426,8,14,"no","no","yes",298,8
2295,33,426,8,14,"no","no","yes",298,8
2595,50,340,4,14,"no","no","yes",298,8
2648,66,245,8,14,"yes","no","yes",298,8
2590,66,426,8,15,"no","no","yes",298,8
1049,33,80,2,14,"no","no","yes",298,8
3495,66,500,16,14,"no","no","yes",298,8
1667,33,107,8,14,"no","no","yes",298,8
1744,33,107,2,14,"no","no","yes",298,8
2244,33,426,8,14,"no","no","yes",298,8
2295,50,340,8,15,"no","no","yes",298,8
1490,25,107,2,14,"no","no","yes",298,8
2595,33,540,16,14,"no","no","yes",298,8
2144,66,107,2,14,"no","no","yes",298,8
4495,66,1100,16,14,"no","no","yes",298,8
2444,66,214,4,14,"no","no","yes",298,8
2325,66,250,4,15,"yes","yes","yes",298,8
3895,66,1370,8,14,"no","no","yes",298,8
1975,33,250,8,14,"no","no","yes",298,8
1895,66,107,2,14,"no","no","yes",298,8
2299,66,245,8,14,"no","no","yes",298,8
2344,66,214,4,14,"no","no","yes",298,8
2999,66,320,8,15,"yes","yes","yes",298,8
2170,33,340,8,14,"yes","no","yes",298,8
2190,33,426,8,15,"no","no","yes",298,8
2834,66,426,8,15,"no","no","yes",298,8
1944,25,214,4,14,"no","no","yes",298,8
1894,33,107,2,14,"yes","no","yes",298,8
2099,33,120,4,14,"no","no","no",298,8
2225,66,340,8,15,"no","no","yes",298,8
2299,66,120,4,14,"no","no","no",298,8
2095,25,214,8,14,"yes","yes","yes",298,8
2644,25,540,16,14,"no","no","yes",298,8
3594,33,452,8,14,"yes","no","yes",298,8
2995,66,540,16,14,"no","no","yes",298,8
2244,33,214,4,14,"no","no","yes",298,8
2990,50,540,16,15,"no","no","yes",298,8
1939,66,210,4,15,"no","no","yes",298,8
4694,66,1100,16,14,"yes","no","yes",298,8
2039,66,170,4,14,"yes","yes","yes",298,8
1495,33,107,2,14,"no","no","yes",298,8
3334,66,540,16,15,"no","no","yes",298,8
3794,66,452,8,14,"yes","no","yes",298,8
2999,66,345,16,15,"no","no","yes",298,8
2094,66,107,2,14,"yes","no","yes",298,8
2694,25,540,16,14,"yes","no","yes",298,8
1395,25,170,4,15,"no","no","yes",298,8
1948,66,130,4,14,"yes","no","yes",298,8
3694,50,452,8,14,"yes","no","yes",298,8
1567,25,107,8,14,"no","no","yes",298,8
2125,66,250,8,15,"no","no","yes",298,8
2745,66,250,8,17,"no","no","yes",298,8
1944,33,107,2,14,"no","no","yes",298,8
1499,33,130,4,14,"no","no","yes",298,8
2999,66,450,8,15,"no","no","yes",298,8
1594,25,107,4,14,"yes","no","yes",298,8
1995,25,426,8,14,"no","no","yes",298,8
2095,33,212,4,17,"no","no","yes",298,8
2815,50,340,8,17,"no","no","yes",298,8
2495,66,426,8,14,"no","no","yes",298,8
3999,66,450,8,17,"no","no","yes",298,8
2690,33,540,16,15,"no","no","yes",298,8
3144,50,540,16,14,"no","no","yes",298,8
1449,25,120,4,14,"no","no","no",298,8
1994,50,107,2,14,"yes","no","yes",298,8
2495,25,540,16,14,"no","no","yes",298,8
3670,66,500,16,14,"yes","no","yes",298,8
2794,50,340,4,14,"yes","no","yes",298,8
1729,66,170,4,14,"no","no","yes",298,8
2690,33,540,16,14,"no","no","yes",298,8
4095,66,500,16,17,"no","no","yes",298,8
2590,25,540,16,15,"no","no","yes",298,8
2244,25,426,8,14,"no","no","yes",298,8
1799,33,250,4,14,"no","no","yes",298,8
2595,33,340,8,17,"no","no","yes",298,8
1599,66,130,4,14,"no","no","yes",298,8
2390,33,426,8,14,"no","no","yes",298,8
2675,66,340,8,17,"no","no","yes",298,8
2890,33,540,16,14,"no","no","yes",298,8
3090,66,540,16,15,"no","no","yes",298,8
1975,66,250,4,14,"no","no","yes",298,8
2944,33,540,16,14,"no","no","yes",298,8
1990,66,107,2,14,"no","no","yes",298,8
1895,33,250,8,15,"no","no","yes",298,8
2145,66,250,4,14,"yes","no","yes",298,8
2694,33,340,4,14,"yes","no","yes",298,8
1844,33,107,2,14,"no","no","yes",298,8
2990,50,540,16,14,"no","no","yes",298,8
2590,66,426,8,14,"no","no","yes",298,8
2015,66,210,4,14,"yes","no","yes",298,8
1694,33,107,2,14,"yes","no","yes",298,8
2395,33,212,8,17,"no","no","yes",298,8
4395,50,1100,16,14,"no","no","yes",298,8
3244,66,540,16,14,"no","no","yes",298,8
2945,66,250,8,15,"no","no","yes",298,8
2199,66,340,4,14,"no","no","yes",298,8
1890,50,107,2,15,"no","no","yes",298,8
2294,33,426,8,14,"yes","no","yes",298,8
1745,33,210,4,14,"yes","no","yes",298,8
2395,33,340,8,17,"no","no","yes",298,8
2395,66,107,4,14,"no","no","yes",298,8
1570,33,214,4,14,"no","no","yes",298,8
2699,33,345,16,15,"no","no","yes",298,8
1895,33,212,8,15,"no","no","yes",298,8
1709,33,210,4,15,"no","no","yes",298,8
2194,33,214,4,14,"yes","no","yes",298,8
1395,25,107,4,14,"no","no","yes",298,8
1639,66,130,4,14,"no","no","yes",298,8
2095,33,426,8,14,"no","no","yes",298,8
2195,33,107,4,14,"no","no","yes",298,8
1790,25,214,4,14,"no","no","yes",298,8
3044,33,540,16,14,"no","no","yes",298,8
2599,50,230,4,14,"yes","yes","yes",298,8
1890,33,214,4,15,"no","no","yes",298,8
2490,50,426,8,15,"no","no","yes",298,8
1749,33,230,4,14,"no","no","yes",298,8
1499,33,170,4,14,"no","no","yes",298,8
3899,66,345,16,17,"no","no","yes",298,8
2470,50,340,8,15,"yes","no","yes",298,8
3948,33,345,16,17,"yes","no","yes",298,8
1499,25,170,4,14,"no","no","yes",298,8
1894,25,214,8,14,"yes","no","yes",298,8
4248,66,345,16,17,"yes","no","yes",298,8
3048,33,345,16,15,"yes","no","yes",298,8
2044,33,214,4,14,"no","no","yes",298,8
3595,66,500,16,15,"no","no","yes",298,8
1644,25,107,2,14,"no","no","yes",298,8
1865,33,250,4,14,"yes","no","yes",298,8
1795,33,212,8,14,"no","no","yes",298,8
2095,33,340,8,15,"no","no","yes",298,8
2694,66,426,8,14,"yes","no","yes",298,8
1899,33,230,4,14,"no","no","yes",298,8
2425,33,545,8,14,"no","no","yes",298,8
2799,66,450,8,15,"yes","no","yes",298,8
1795,33,214,8,14,"no","no","yes",298,8
2015,33,250,8,15,"yes","no","yes",298,8
2895,50,540,16,14,"no","no","yes",298,8
1790,25,214,4,15,"no","no","yes",298,8
1694,33,107,4,14,"yes","no","yes",298,8
1728,25,120,4,14,"no","no","yes",298,8
3609,66,527,4,15,"no","no","no",298,8
2490,50,426,8,14,"no","no","yes",298,8
2075,33,250,8,15,"no","no","yes",298,8
2290,66,214,4,15,"no","no","yes",298,8
2799,33,240,4,14,"no","no","no",298,8
2465,33,250,8,17,"no","no","yes",298,8
1790,33,107,2,14,"no","no","yes",298,8
3348,66,345,16,15,"yes","no","yes",298,8
1399,33,130,4,14,"no","no","yes",298,8
1399,25,170,4,14,"no","no","yes",298,8
2044,66,107,2,14,"no","no","yes",298,8
3044,50,540,16,14,"no","no","yes",298,8
1595,33,212,4,15,"no","no","yes",298,8
1395,25,107,2,14,"no","no","yes",298,8
2348,33,245,8,14,"yes","no","yes",298,8
1845,33,250,8,15,"no","no","yes",298,8
2394,33,107,4,14,"yes","no","yes",298,8
1995,33,214,4,14,"no","no","yes",298,8
1945,33,340,8,15,"no","no","yes",298,8
1670,33,212,4,14,"yes","no","yes",298,8
1470,25,170,4,14,"yes","no","yes",298,8
1970,33,212,8,14,"yes","no","yes",298,8
3595,66,452,8,14,"no","no","yes",298,8
2244,50,214,4,14,"no","no","yes",298,8
1599,25,170,4,14,"no","no","yes",298,8
3090,66,540,16,14,"no","no","yes",298,8
1749,33,170,4,14,"no","no","yes",298,8
2144,33,214,4,14,"no","no","yes",298,8
1944,50,107,2,14,"no","no","yes",298,8
2359,33,340,8,17,"no","no","yes",298,8
1848,33,130,4,14,"yes","no","yes",298,8
2190,33,426,8,14,"no","no","yes",298,8
3194,66,540,16,14,"yes","no","yes",298,8
1695,33,107,2,14,"no","no","yes",298,8
2744,66,426,8,14,"no","no","yes",298,8
2990,50,528,16,14,"no","no","yes",246,9
1895,66,107,2,14,"no","no","yes",246,9
2395,50,426,8,14,"no","no","yes",246,9
2294,33,426,8,14,"yes","no","yes",246,9
2199,66,340,4,14,"no","no","yes",246,9
1890,33,212,4,14,"yes","yes","yes",246,9
3499,66,527,4,14,"no","no","no",246,9
2399,33,340,8,15,"no","no","yes",246,9
3348,66,345,16,15,"yes","no","yes",246,9
2295,50,340,8,15,"no","no","yes",246,9
2099,33,120,4,14,"no","no","no",246,9
1944,33,107,2,14,"no","no","yes",246,9
2590,25,528,16,15,"no","no","yes",246,9
1699,33,212,4,14,"no","no","yes",246,9
2644,25,528,16,14,"no","no","yes",246,9
1995,33,214,4,14,"no","no","yes",246,9
3699,66,345,16,17,"no","no","yes",246,9
2295,33,426,8,14,"no","no","yes",246,9
1579,25,120,4,14,"no","no","no",246,9
1795,33,214,4,14,"no","no","yes",246,9
2795,33,528,16,14,"no","no","yes",246,9
2090,33,214,4,15,"no","no","yes",246,9
1490,25,107,2,14,"no","no","yes",246,9
2499,50,340,8,15,"no","no","yes",246,9
2599,66,340,8,15,"yes","no","yes",246,9
1999,66,170,4,14,"yes","yes","yes",246,9
1579,50,170,4,14,"no","no","yes",246,9
2594,50,426,8,14,"yes","no","yes",246,9
1749,50,212,4,14,"no","no","yes",246,9
1499,33,170,4,14,"no","no","yes",246,9
1990,66,107,2,15,"no","no","yes",246,9
1894,25,120,4,14,"yes","no","no",246,9
1790,33,107,2,14,"no","no","yes",246,9
3599,66,527,4,15,"no","no","no",246,9
2294,50,214,4,14,"yes","no","yes",246,9
1899,25,120,4,14,"no","no","no",246,9
1944,33,214,4,14,"no","no","yes",246,9
2590,66,426,8,14,"no","no","yes",246,9
1929,66,210,4,15,"no","no","yes",246,9
2995,66,540,16,14,"no","no","yes",246,9
2544,50,426,8,14,"no","no","yes",246,9
1495,33,212,4,14,"no","no","yes",246,9
1974,25,120,4,14,"yes","no","no",246,9
1809,50,210,4,15,"no","no","yes",246,9
1895,33,212,8,15,"no","no","yes",246,9
2244,33,426,8,14,"no","no","yes",246,9
2890,33,528,16,14,"no","no","yes",246,9
2690,33,528,16,14,"no","no","yes",246,9
2194,25,426,8,14,"yes","no","yes",246,9
2395,33,212,8,17,"no","no","yes",246,9
1395,25,170,4,15,"no","no","yes",246,9
2199,50,230,8,15,"no","no","yes",246,9
1779,33,120,4,14,"no","no","no",246,9
2190,33,426,8,14,"no","no","yes",246,9
2095,33,212,4,17,"no","no","yes",246,9
1490,25,107,2,15,"no","no","yes",246,9
1859,33,120,4,14,"no","no","no",246,9
1994,50,107,2,14,"yes","no","yes",246,9
1395,25,107,4,14,"no","no","yes",246,9
3094,50,528,16,14,"yes","no","yes",246,9
1695,33,107,2,14,"no","no","yes",246,9
1469,33,170,4,14,"no","no","yes",246,9
2144,33,214,4,14,"no","no","yes",246,9
3789,66,527,8,15,"no","no","no",246,9
2044,50,107,2,14,"no","no","yes",246,9
2798,66,340,8,15,"yes","no","yes",246,9
2299,66,120,4,14,"no","no","no",246,9
3094,66,245,4,14,"yes","no","no",246,9
1944,25,214,4,14,"no","no","yes",246,9
1844,25,214,4,14,"no","no","yes",246,9
1999,66,245,8,14,"no","no","yes",246,9
1379,25,212,4,14,"no","no","yes",246,9
1799,33,170,4,14,"no","no","yes",246,9
2190,33,212,8,14,"yes","yes","yes",246,9
1890,33,214,4,15,"no","no","yes",246,9
2495,66,426,8,14,"no","no","yes",246,9
4095,66,500,16,17,"no","no","yes",246,9
2490,50,426,8,15,"no","no","yes",246,9
1659,25,120,4,14,"no","no","no",246,9
1899,33,120,4,14,"no","no","no",246,9
3899,66,345,16,17,"no","no","yes",246,9
2344,33,426,8,14,"no","no","yes",246,9
2744,25,528,16,14,"no","no","yes",246,9
2190,33,426,8,15,"no","no","yes",246,9
2248,33,245,8,14,"yes","no","yes",246,9
1594,25,107,2,14,"yes","no","yes",246,9
2744,33,528,16,14,"no","no","yes",246,9
2784,33,245,8,14,"yes","no","no",246,9
1695,25,214,4,14,"no","no","yes",246,9
2090,25,426,8,14,"no","no","yes",246,9
2144,66,107,2,14,"no","no","yes",246,9
2844,33,528,16,14,"no","no","yes",246,9
1865,25,170,4,17,"no","no","yes",246,9
2544,33,426,8,14,"no","no","yes",246,9
1549,25,212,4,14,"no","no","yes",246,9
2590,66,426,8,15,"no","no","yes",246,9
2290,66,214,4,15,"no","no","yes",246,9
2994,33,528,16,14,"yes","no","yes",246,9
1790,25,214,4,14,"no","no","yes",246,9
2444,66,214,4,14,"no","no","yes",246,9
2144,25,426,8,14,"no","no","yes",246,9
1399,33,130,4,14,"no","no","yes",246,9
2090,25,426,8,15,"no","no","yes",246,9
2099,33,120,4,14,"no","no","no",246,9
3334,66,540,16,15,"no","no","yes",246,9
3849,66,450,16,15,"no","no","yes",246,9
1449,25,120,4,14,"no","no","no",246,9
2469,33,245,8,14,"no","no","no",246,9
1644,25,107,2,14,"no","no","yes",246,9
2095,33,426,8,14,"no","no","yes",246,9
2899,50,240,4,14,"no","no","no",246,9
1499,66,130,4,14,"no","no","yes",246,9
1644,33,107,2,14,"no","no","yes",246,9
1279,33,130,4,14,"no","no","yes",246,9
2390,33,426,8,15,"no","no","yes",246,9
2044,33,214,4,14,"no","no","yes",246,9
2694,25,528,16,14,"yes","no","yes",246,9
2244,50,214,4,14,"no","no","yes",246,9
1890,50,107,2,15,"no","no","yes",246,9
2044,66,107,2,14,"no","no","yes",246,9
2699,66,340,8,15,"no","no","yes",246,9
1479,50,130,4,14,"no","no","yes",246,9
2579,33,340,4,14,"no","no","no",246,9
2344,33,120,4,14,"yes","no","no",246,9
2344,50,214,4,14,"no","no","yes",246,9
1990,66,107,2,14,"no","no","yes",246,9
2439,50,340,8,17,"no","no","yes",246,9
3194,66,424,16,15,"yes","yes","yes",246,9
2329,33,340,8,17,"no","no","yes",246,9
1544,25,107,2,14,"no","no","yes",246,9
1590,33,107,2,15,"no","no","yes",246,9
1894,25,214,4,14,"yes","no","yes",246,9
1899,33,245,8,14,"no","no","yes",246,9
2498,50,230,4,14,"yes","no","yes",246,9
2244,33,214,4,14,"no","no","yes",246,9
3515,66,424,16,17,"yes","no","yes",246,9
1599,25,120,4,14,"no","no","no",246,9
1369,33,130,4,14,"no","no","yes",246,9
2998,66,450,8,15,"yes","no","yes",246,9
1879,50,170,4,14,"yes","yes","yes",246,9
1995,25,426,8,14,"no","no","yes",246,9
2394,66,214,4,14,"yes","no","yes",246,9
1790,25,214,4,15,"no","no","yes",246,9
2190,50,214,4,14,"no","no","yes",246,9
3244,66,528,16,14,"no","no","yes",246,9
2390,33,340,8,14,"yes","yes","yes",246,9
2694,66,426,8,14,"yes","no","yes",246,9
2644,66,426,8,14,"no","no","yes",246,9
2744,66,426,8,14,"no","no","yes",246,9
3499,50,450,8,15,"no","no","yes",246,9
1395,25,107,2,14,"no","no","yes",246,9
2779,66,245,4,14,"no","no","no",246,9
2815,50,340,8,17,"no","no","yes",246,9
1699,66,170,4,14,"no","no","yes",246,9
999,33,80,2,14,"no","no","yes",246,9
2244,25,426,8,14,"no","no","yes",246,9
1599,66,130,4,14,"no","no","yes",246,9
2348,66,245,8,14,"yes","no","yes",246,9
2290,66,214,4,14,"no","no","yes",246,9
2794,33,528,16,14,"yes","no","yes",246,9
3144,66,528,16,14,"no","no","yes",246,9
1969,50,340,4,14,"no","no","yes",246,9
1744,33,107,2,14,"no","no","yes",246,9
2094,33,120,4,14,"yes","no","no",246,9
1999,33,170,4,14,"no","no","yes",246,9
1519,50,130,4,14,"no","no","yes",246,9
1799,33,120,4,14,"no","no","no",246,9
1795,50,107,2,14,"no","no","yes",246,9
1694,33,107,2,14,"yes","no","yes",246,9
1495,33,107,2,14,"no","no","yes",246,9
2195,66,214,4,14,"no","no","yes",246,9
1789,33,212,4,14,"no","no","yes",246,9
2999,33,450,16,15,"no","no","yes",246,9
3399,33,450,8,15,"no","no","yes",246,9
1844,33,107,2,14,"no","no","yes",246,9
3044,33,528,16,14,"no","no","yes",246,9
1994,33,214,4,14,"yes","no","yes",246,9
1295,25,170,4,14,"no","no","yes",246,9
2090,33,214,4,14,"no","no","yes",246,9
3495,66,500,16,14,"no","no","yes",246,9
2490,50,426,8,14,"no","no","yes",246,9
4999,66,525,8,17,"no","no","yes",246,9
1748,33,130,4,14,"yes","no","yes",246,9
2990,50,528,16,15,"no","no","yes",246,9
1590,33,107,2,14,"no","no","yes",246,9
3199,66,450,8,15,"no","no","yes",246,9
4248,66,345,16,17,"yes","no","yes",246,9
2190,50,214,4,15,"no","no","yes",246,9
2595,33,340,8,17,"no","no","yes",246,9
2174,33,120,4,14,"yes","no","no",246,9
2834,66,426,8,15,"no","no","yes",246,9
2944,33,528,16,14,"no","no","yes",246,9
1599,33,212,4,14,"no","no","yes",246,9
2590,25,528,16,14,"no","no","yes",246,9
1769,33,170,4,14,"yes","yes","yes",246,9
2995,66,424,16,15,"yes","no","yes",246,9
1848,66,130,4,14,"yes","no","yes",246,9
3148,66,345,16,15,"yes","no","yes",246,9
3595,66,500,16,15,"no","no","yes",246,9
2690,50,340,8,15,"yes","yes","yes",246,9
2495,25,528,16,14,"no","no","yes",246,9
2899,50,320,8,15,"no","no","yes",246,9
1999,33,230,8,15,"no","no","yes",246,9
2194,33,214,4,14,"yes","no","yes",246,9
3890,66,500,16,14,"yes","yes","yes",246,9
1690,25,170,4,14,"yes","yes","yes",246,9
2444,33,426,8,14,"no","no","yes",246,9
4104,66,527,8,15,"yes","no","no",246,9
2894,33,340,4,14,"yes","no","no",246,9
1790,33,107,2,15,"no","no","yes",246,9
1995,33,340,8,14,"no","no","yes",246,9
3194,66,528,16,14,"yes","no","yes",246,9
2414,33,120,4,14,"yes","no","no",246,9
2699,33,240,4,14,"no","no","no",246,9
2344,66,214,4,14,"no","no","yes",246,9
3814,66,527,4,14,"yes","no","no",246,9
2494,33,426,8,14,"yes","no","yes",246,9
2890,33,528,16,15,"no","no","yes",246,9
4048,66,345,16,17,"yes","no","yes",246,9
1499,25,120,4,14,"no","no","yes",246,9
3144,50,528,16,14,"no","no","yes",246,9
1795,33,212,8,14,"no","no","yes",246,9
3044,50,528,16,14,"no","no","yes",246,9
2995,66,528,16,14,"no","no","yes",246,9
2390,33,426,8,14,"no","no","yes",246,9
2799,66,345,16,15,"no","no","yes",246,9
2094,66,107,2,14,"yes","no","yes",246,9
1890,50,107,2,14,"no","no","yes",246,9
2999,66,345,16,15,"no","no","yes",246,9
2644,50,426,8,14,"no","no","yes",246,9
2095,50,214,4,14,"no","no","yes",246,9
3090,66,528,16,15,"no","no","yes",246,9
3090,66,528,16,14,"no","no","yes",246,9
3914,66,527,4,15,"yes","no","no",246,9
1595,33,212,4,15,"no","no","yes",246,9
1944,50,107,2,14,"no","no","yes",246,9
2690,33,528,16,15,"no","no","yes",246,9
2895,50,528,16,14,"no","no","yes",246,9
2029,33,120,4,14,"no","no","no",246,9
1699,33,210,4,15,"no","no","yes",246,9
1890,33,214,4,14,"no","no","yes",246,9
1894,33,107,2,14,"yes","no","yes",246,9
2595,33,528,16,14,"no","no","yes",246,9
2559,66,340,8,17,"no","no","yes",246,9
2095,33,340,8,15,"no","no","yes",246,9
1939,66,212,4,14,"no","no","yes",246,9
2544,33,426,8,14,"no","no","yes",283,10
5399,66,1200,32,17,"yes","no","yes",283,10
2090,33,214,4,15,"no","no","yes",283,10
2025,66,340,4,15,"no","no","yes",283,10
2195,33,212,4,17,"no","no","yes",283,10
2590,66,426,8,15,"no","no","yes",283,10
2190,50,214,4,15,"no","no","yes",283,10
2014,25,212,4,14,"yes","no","no",283,10
1709,25,120,4,14,"no","no","no",283,10
2344,50,340,8,15,"no","no","yes",283,10
2395,50,426,8,14,"no","no","yes",283,10
3904,66,527,8,15,"yes","no","no",283,10
1644,33,107,2,14,"no","no","yes",283,10
2190,33,426,8,14,"no","no","yes",283,10
2744,66,426,8,14,"no","no","yes",283,10
1790,33,212,4,14,"yes","yes","yes",283,10
3634,66,527,4,15,"yes","no","no",283,10
2095,33,426,8,14,"no","no","yes",283,10
1299,25,120,4,14,"yes","no","yes",283,10
3385,66,1370,8,14,"no","no","yes",283,10
1844,33,107,2,14,"no","no","yes",283,10
1395,33,212,4,14,"no","no","yes",283,10
2744,25,528,16,14,"no","no","yes",283,10
2144,25,426,8,14,"no","no","yes",283,10
2295,33,426,8,14,"no","no","yes",283,10
1995,33,214,4,14,"no","no","yes",283,10
1539,25,120,4,14,"no","no","no",283,10
2645,66,340,8,17,"no","no","yes",283,10
2090,25,426,8,14,"no","no","yes",283,10
2999,66,340,4,15,"no","no","yes",283,10
1899,25,120,4,14,"no","no","no",283,10
1649,25,120,4,14,"no","no","no",283,10
1699,66,170,4,14,"no","no","yes",283,10
1395,25,107,2,14,"no","no","yes",283,10
1769,33,170,4,14,"yes","yes","yes",283,10
1894,25,214,4,14,"yes","no","yes",283,10
1599,33,212,4,14,"no","no","yes",283,10
2565,33,340,8,17,"no","no","yes",283,10
2899,50,240,4,14,"no","no","no",283,10
1694,33,107,2,14,"yes","no","yes",283,10
2375,66,340,8,15,"no","no","yes",283,10
2344,66,214,4,14,"no","no","yes",283,10
1594,25,107,2,14,"yes","no","yes",283,10
1995,25,426,8,14,"no","no","yes",283,10
2749,33,340,4,15,"no","no","yes",283,10
2225,66,340,8,15,"no","no","yes",283,10
1999,33,340,8,14,"yes","no","yes",283,10
1994,50,240,4,15,"no","no","yes",283,10
1994,33,214,4,14,"yes","no","yes",283,10
2364,33,212,4,14,"yes","no","no",283,10
2795,33,528,16,14,"no","no","yes",283,10
1595,33,212,4,14,"no","no","yes",283,10
2590,25,528,16,14,"no","no","yes",283,10
2165,33,340,8,15,"yes","no","yes",283,10
2495,66,426,8,14,"no","no","yes",283,10
2390,33,340,8,14,"yes","yes","yes",283,10
2090,25,426,8,15,"no","no","yes",283,10
2374,33,120,4,14,"yes","no","no",283,10
2244,33,214,4,14,"no","no","yes",283,10
2498,50,340,8,15,"yes","no","yes",283,10
2329,33,340,8,17,"no","no","yes",283,10
2595,33,528,16,14,"no","no","yes",283,10
2290,66,214,4,15,"no","no","yes",283,10
2495,66,340,8,15,"yes","no","yes",283,10
2190,50,214,4,14,"no","no","yes",283,10
2459,33,340,4,14,"no","no","no",283,10
1395,25,107,4,14,"no","no","yes",283,10
2390,33,426,8,15,"no","no","yes",283,10
1599,25,120,4,14,"no","no","no",283,10
2644,50,426,8,14,"no","no","yes",283,10
1695,25,214,4,14,"no","no","yes",283,10
2095,66,340,4,15,"no","no","yes",283,10
2144,66,107,2,14,"no","no","yes",283,10
2699,66,245,8,15,"yes","no","yes",283,10
2595,33,340,8,17,"no","no","yes",283,10
1990,66,107,2,14,"no","no","yes",283,10
1499,25,120,4,14,"no","no","yes",283,10
1944,25,214,4,14,"no","no","yes",283,10
1999,66,170,4,14,"yes","yes","yes",283,10
2244,50,214,4,14,"no","no","yes",283,10
2294,33,426,8,14,"yes","no","yes",283,10
3015,66,340,8,17,"yes","no","yes",283,10
2699,66,245,8,15,"yes","no","yes",283,10
2499,33,250,8,15,"yes","no","yes",283,10
3144,66,528,16,14,"no","no","yes",283,10
1799,33,230,4,14,"no","no","yes",283,10
2290,66,214,4,14,"no","no","yes",283,10
1949,50,340,4,14,"no","no","yes",283,10
2395,50,340,4,17,"no","no","yes",283,10
1929,66,210,4,15,"no","no","yes",283,10
1799,33,120,4,14,"no","no","no",283,10
3899,66,540,16,17,"yes","no","yes",283,10
3334,66,528,16,15,"no","no","yes",283,10
2795,66,545,8,14,"no","no","yes",283,10
1469,33,170,4,14,"no","no","yes",283,10
2439,50,340,8,17,"no","no","yes",283,10
1644,25,107,2,14,"no","no","yes",283,10
2444,33,426,8,14,"no","no","yes",283,10
2249,33,230,4,15,"no","no","yes",283,10
3044,50,528,16,14,"no","no","yes",283,10
2494,33,426,8,14,"yes","no","yes",283,10
1789,33,120,4,14,"no","no","no",283,10
2990,50,528,16,15,"no","no","yes",283,10
1944,33,107,2,14,"no","no","yes",283,10
2090,33,214,4,14,"no","no","yes",283,10
3135,33,1370,8,14,"no","no","yes",283,10
1995,33,340,8,15,"no","no","yes",283,10
1790,25,214,4,15,"no","no","yes",283,10
3315,66,545,8,17,"no","no","yes",283,10
1790,25,214,4,14,"no","no","yes",283,10
1925,33,250,4,15,"no","no","yes",283,10
2705,66,545,8,15,"no","no","yes",283,10
3144,50,528,16,14,"no","no","yes",283,10
1890,50,107,2,15,"no","no","yes",283,10
2694,66,426,8,14,"yes","no","yes",283,10
2044,33,170,4,15,"yes","yes","yes",283,10
1925,66,340,4,14,"no","no","yes",283,10
2559,66,340,8,17,"no","no","yes",283,10
1295,25,170,4,14,"no","no","yes",283,10
2590,25,528,16,15,"no","no","yes",283,10
2095,50,214,4,14,"no","no","yes",283,10
2104,33,120,4,14,"yes","no","no",283,10
2644,66,426,8,14,"no","no","yes",283,10
2644,25,528,16,14,"no","no","yes",283,10
1990,66,107,2,15,"no","no","yes",283,10
2149,66,340,4,14,"no","no","yes",283,10
2449,50,230,4,15,"no","no","yes",283,10
2294,50,214,4,14,"yes","no","yes",283,10
1944,33,214,4,14,"no","no","yes",283,10
1544,25,170,4,15,"no","no","yes",283,10
1699,33,210,4,15,"no","no","yes",283,10
1995,33,340,8,14,"no","no","yes",283,10
3319,66,527,4,15,"no","no","no",283,10
3244,66,528,16,14,"no","no","yes",283,10
2299,66,120,4,14,"no","no","no",283,10
1590,33,107,2,15,"no","no","yes",283,10
2774,33,340,4,14,"yes","no","no",283,10
3589,66,527,8,15,"no","no","no",283,10
2495,25,528,16,14,"no","no","yes",283,10
1809,50,210,4,15,"no","no","yes",283,10
1519,50,130,4,14,"no","no","yes",283,10
1299,25,170,4,14,"no","no","yes",283,10
1395,25,170,4,14,"no","no","yes",283,10
1785,33,340,4,15,"no","no","yes",283,10
2194,33,214,4,14,"yes","no","yes",283,10
999,33,80,2,14,"no","no","yes",283,10
3065,33,545,8,17,"no","no","yes",283,10
1845,50,240,4,14,"no","no","yes",283,10
3044,33,528,16,14,"no","no","yes",283,10
2690,33,528,16,14,"no","no","yes",283,10
2099,33,120,4,14,"no","no","no",283,10
1699,25,212,4,14,"no","no","no",283,10
1964,25,120,4,14,"yes","no","no",283,10
3194,66,528,16,14,"yes","no","yes",283,10
1490,25,107,2,15,"no","no","yes",283,10
2244,25,426,8,14,"no","no","yes",283,10
2059,33,120,4,14,"no","no","no",283,10
3094,50,528,16,14,"yes","no","yes",283,10
1795,50,107,2,14,"no","no","yes",283,10
2844,33,528,16,14,"no","no","yes",283,10
2994,33,528,16,14,"yes","no","yes",283,10
2475,33,545,8,15,"no","no","yes",283,10
2049,33,212,4,14,"no","no","no",283,10
3090,66,528,16,14,"no","no","yes",283,10
2744,33,528,16,14,"no","no","yes",283,10
2729,66,245,4,15,"no","no","no",283,10
1944,50,107,2,14,"no","no","yes",283,10
2344,33,426,8,14,"no","no","yes",283,10
1685,33,340,4,14,"no","no","yes",283,10
1695,33,107,2,14,"no","no","yes",283,10
1495,33,107,2,14,"no","no","yes",283,10
2195,50,340,8,14,"no","no","yes",283,10
2195,66,214,4,14,"no","no","yes",283,10
2890,33,528,16,15,"no","no","yes",283,10
2199,50,230,8,15,"no","no","yes",283,10
2395,66,340,8,15,"yes","no","yes",283,10
2295,50,340,8,15,"yes","no","yes",283,10
1490,25,107,2,14,"no","no","yes",283,10
1895,33,170,4,14,"yes","yes","yes",283,10
1890,33,214,4,14,"no","no","yes",283,10
1795,33,214,4,14,"no","no","yes",283,10
1799,33,170,4,14,"no","no","yes",283,10
1899,50,340,4,14,"no","no","yes",283,10
2875,33,1370,4,15,"no","no","yes",283,10
2044,33,214,4,14,"no","no","yes",283,10
2394,66,214,4,14,"yes","no","yes",283,10
2244,33,426,8,14,"no","no","yes",283,10
2094,66,107,2,14,"yes","no","yes",283,10
2344,50,214,4,14,"no","no","yes",283,10
1895,66,107,2,14,"no","no","yes",283,10
2690,66,340,8,15,"yes","yes","yes",283,10
1895,25,170,4,17,"no","no","yes",283,10
1844,25,214,4,14,"no","no","yes",283,10
2799,66,340,16,15,"yes","no","yes",283,10
1894,33,107,2,14,"yes","no","yes",283,10
4999,66,525,8,17,"yes","no","yes",283,10
1544,25,107,2,14,"no","no","yes",283,10
1690,25,170,4,14,"yes","yes","yes",283,10
3649,66,450,8,15,"no","no","yes",283,10
2545,33,545,8,14,"no","no","yes",283,10
1890,50,107,2,14,"no","no","yes",283,10
2834,66,426,8,15,"no","no","yes",283,10
2490,50,340,8,15,"yes","yes","yes",283,10
2044,66,107,2,14,"no","no","yes",283,10
2794,33,528,16,14,"yes","no","yes",283,10
1279,33,130,4,14,"no","no","yes",283,10
2815,50,340,8,17,"yes","no","yes",283,10
3595,66,340,16,17,"yes","no","yes",283,10
2315,33,545,4,15,"no","no","yes",283,10
1449,25,120,4,14,"no","no","no",283,10
1369,33,130,4,14,"no","no","yes",283,10
1479,50,130,4,14,"no","no","yes",283,10
2649,50,340,8,15,"yes","no","yes",283,10
2095,33,250,4,15,"yes","no","yes",283,10
1999,33,170,4,14,"no","no","yes",283,10
2390,33,426,8,14,"no","no","yes",283,10
1599,66,130,4,14,"no","no","yes",283,10
2595,66,340,4,17,"no","no","yes",283,10
1790,33,107,2,14,"no","no","yes",283,10
2190,50,340,4,14,"yes","yes","yes",283,10
1879,50,170,4,14,"yes","yes","yes",283,10
2194,25,426,8,14,"yes","no","yes",283,10
1399,33,212,4,14,"no","no","yes",283,10
1995,66,340,4,14,"no","no","yes",283,10
2095,33,340,8,15,"no","no","yes",283,10
2674,33,245,8,14,"yes","no","no",283,10
2044,50,107,2,14,"no","no","yes",283,10
2995,66,528,16,14,"no","no","yes",283,10
1995,33,212,4,17,"no","no","yes",283,10
2390,66,340,4,14,"yes","yes","yes",283,10
1395,25,170,4,15,"no","no","yes",283,10
2995,66,424,16,15,"yes","no","yes",283,10
2999,66,450,16,15,"yes","no","yes",283,10
2944,33,528,16,14,"no","no","yes",283,10
3515,66,424,16,17,"yes","no","yes",283,10
2690,33,528,16,15,"no","no","yes",283,10
1990,33,212,4,14,"yes","yes","yes",283,10
1994,50,107,2,14,"yes","no","yes",283,10
2799,66,450,8,15,"yes","no","yes",283,10
2990,50,528,16,14,"no","no","yes",283,10
2359,33,245,8,14,"no","no","no",283,10
2345,66,250,4,15,"yes","no","yes",283,10
2175,66,250,4,15,"no","no","yes",283,10
2544,50,426,8,14,"no","no","yes",283,10
1899,33,120,4,14,"no","no","no",283,10
2490,50,426,8,15,"no","no","yes",283,10
3190,66,424,16,15,"yes","yes","yes",283,10
1590,33,107,2,14,"no","no","yes",283,10
2565,66,545,4,15,"no","no","yes",283,10
2895,50,528,16,14,"no","no","yes",283,10
3198,66,450,16,15,"yes","no","yes",283,10
3199,66,340,16,15,"yes","no","yes",283,10
2024,25,120,4,14,"yes","no","no",283,10
1789,33,250,4,14,"no","no","yes",283,10
2145,33,340,8,15,"no","no","yes",283,10
1854,25,120,4,14,"yes","no","no",283,10
1790,33,107,2,15,"no","no","yes",283,10
2415,33,340,8,17,"no","no","yes",283,10
3249,66,450,4,15,"no","no","yes",283,10
1895,50,340,4,15,"no","no","yes",283,10
2590,66,426,8,14,"no","no","yes",283,10
2190,33,426,8,15,"no","no","yes",283,10
2795,66,340,8,17,"no","no","yes",283,10
2890,33,528,16,14,"no","no","yes",283,10
2490,50,426,8,14,"no","no","yes",283,10
2144,33,214,4,14,"no","no","yes",283,10
1539,25,212,4,14,"no","no","yes",283,10
2694,25,528,16,14,"yes","no","yes",283,10
2699,33,240,4,14,"no","no","no",283,10
2594,50,426,8,14,"yes","no","yes",283,10
3044,66,245,4,15,"yes","no","no",283,10
1579,50,170,4,14,"no","no","yes",283,10
2999,66,424,8,15,"yes","no","yes",283,10
1695,33,212,4,15,"no","no","yes",283,10
1890,33,214,4,15,"no","no","yes",283,10
2444,66,214,4,14,"no","no","yes",283,10
1795,50,340,4,14,"no","no","yes",283,10
1744,33,107,2,14,"no","no","yes",283,10
1449,25,212,4,14,"no","no","yes",283,10
3125,66,1370,4,15,"no","no","yes",283,10
1495,33,212,4,15,"no","no","yes",283,10
3090,66,528,16,15,"no","no","yes",283,10
1499,33,212,4,14,"no","no","yes",283,10
2995,66,340,16,15,"yes","no","yes",259,11
3199,66,340,16,15,"yes","no","yes",259,11
3334,66,528,16,15,"no","no","yes",259,11
3595,66,452,8,14,"no","no","yes",259,11
1899,33,120,4,14,"no","no","no",259,11
2090,33,214,4,15,"no","no","yes",259,11
3244,66,528,16,14,"no","no","yes",259,11
1644,25,107,2,14,"no","no","yes",259,11
3044,33,528,16,14,"no","no","yes",259,11
1295,25,212,4,14,"no","no","yes",259,11
1798,25,120,4,14,"no","no","no",259,11
1690,25,212,4,14,"yes","yes","yes",259,11
3708,66,527,8,15,"no","no","no",259,11
2495,66,424,8,15,"yes","no","yes",259,11
2790,50,426,8,14,"yes","yes","yes",259,11
1890,33,214,4,15,"no","no","yes",259,11
1795,33,214,8,14,"no","no","yes",259,11
3395,33,452,8,14,"no","no","yes",259,11
2095,33,212,4,17,"no","no","yes",259,11
2890,33,528,16,15,"no","no","yes",259,11
2344,50,214,4,14,"no","no","yes",259,11
2390,25,426,8,14,"yes","yes","yes",259,11
1964,25,120,4,14,"yes","no","no",259,11
3015,66,424,8,17,"yes","no","yes",259,11
2190,50,107,2,14,"yes","yes","yes",259,11
3515,66,424,16,17,"yes","no","yes",259,11
1899,25,120,4,14,"no","no","no",259,11
2690,33,528,16,15,"no","no","yes",259,11
2490,50,426,8,15,"no","no","yes",259,11
3544,66,340,16,17,"yes","no","yes",259,11
1925,66,340,4,15,"no","no","yes",259,11
2545,66,340,8,17,"no","no","yes",259,11
2995,66,528,8,15,"no","no","yes",259,11
2125,66,340,8,15,"no","no","yes",259,11
2395,50,426,8,14,"no","no","yes",259,11
1825,66,340,4,14,"no","no","yes",259,11
2390,33,214,4,14,"yes","yes","yes",259,11
2244,50,214,4,14,"no","no","yes",259,11
2475,33,340,8,17,"no","no","yes",259,11
2699,66,245,8,15,"yes","no","yes",259,11
2144,25,426,8,14,"no","no","yes",259,11
2644,50,426,8,14,"no","no","yes",259,11
2799,50,230,8,15,"yes","yes","yes",259,11
2099,33,120,4,14,"no","no","no",259,11
1995,33,424,8,14,"no","no","yes",259,11
2705,66,340,8,17,"no","no","yes",259,11
2799,66,450,8,15,"yes","no","yes",259,11
3205,66,1370,8,14,"no","no","yes",259,11
3899,66,527,16,17,"yes","no","yes",259,11
2729,66,245,4,15,"no","no","no",259,11
2444,66,214,4,14,"no","no","yes",259,11
2395,50,424,4,17,"no","no","yes",259,11
2095,33,212,4,17,"no","no","yes",259,11
2995,66,424,16,15,"yes","no","yes",259,11
2329,33,340,8,17,"no","no","yes",259,11
2390,33,424,8,14,"yes","yes","yes",259,11
1649,25,120,4,14,"no","no","no",259,11
2290,66,107,2,14,"yes","yes","yes",259,11
1828,25,120,4,14,"no","no","no",259,11
2395,66,340,8,15,"no","no","yes",259,11
2944,33,528,16,14,"no","no","yes",259,11
1890,33,212,4,14,"yes","yes","yes",259,11
2605,66,545,8,15,"no","no","yes",259,11
2095,33,426,8,14,"no","no","yes",259,11
2024,25,120,4,14,"yes","no","no",259,11
3090,66,528,16,15,"no","no","yes",259,11
2590,66,426,8,15,"no","no","yes",259,11
1790,33,107,2,15,"no","no","yes",259,11
3714,66,527,4,15,"yes","no","no",259,11
2499,66,424,8,15,"no","no","yes",259,11
3144,66,528,16,14,"no","no","yes",259,11
2899,50,240,4,14,"no","no","no",259,11
2390,66,424,4,14,"yes","yes","yes",259,11
2375,33,545,8,15,"no","no","yes",259,11
1945,33,340,4,15,"no","no","yes",259,11
2090,25,214,4,14,"yes","yes","yes",259,11
2168,33,212,4,14,"no","no","no",259,11
2890,66,426,8,14,"yes","yes","yes",259,11
2595,33,424,8,17,"no","no","yes",259,11
3198,66,450,16,15,"yes","no","yes",259,11
2890,25,528,16,14,"yes","yes","yes",259,11
1744,33,107,2,14,"no","no","yes",259,11
2685,66,545,8,14,"no","no","yes",259,11
2044,66,107,2,14,"no","no","yes",259,11
1999,50,245,4,15,"yes","yes","yes",259,11
2095,50,214,4,14,"no","no","yes",259,11
2285,66,340,8,15,"no","no","yes",259,11
2364,33,212,4,14,"yes","no","no",259,11
1844,25,214,4,14,"no","no","yes",259,11
1349,33,212,4,14,"no","no","yes",259,11
3044,50,528,16,14,"no","no","yes",259,11
2149,66,245,4,15,"yes","yes","yes",259,11
1890,33,107,2,14,"yes","yes","yes",259,11
1818,25,212,4,14,"no","no","no",259,11
2999,66,340,8,15,"yes","yes","yes",259,11
1990,66,107,2,15,"no","no","yes",259,11
2990,50,528,16,15,"no","no","yes",259,11
1529,33,245,4,14,"no","no","yes",259,11
2144,33,214,4,14,"no","no","yes",259,11
1799,33,120,4,14,"no","no","no",259,11
1799,33,230,4,14,"no","no","yes",259,11
2439,50,340,8,17,"no","no","yes",259,11
2055,33,340,8,15,"no","no","yes",259,11
1695,25,214,4,14,"no","no","yes",259,11
1644,33,107,2,14,"no","no","yes",259,11
2065,33,340,8,15,"yes","no","yes",259,11
2295,50,424,8,15,"yes","no","yes",259,11
2490,33,426,8,14,"yes","yes","yes",259,11
3144,50,528,16,14,"no","no","yes",259,11
2844,33,528,16,14,"no","no","yes",259,11
1944,33,107,2,14,"no","no","yes",259,11
1899,66,245,4,15,"no","no","yes",259,11
2185,25,528,8,14,"no","no","yes",259,11
1795,33,214,4,14,"no","no","yes",259,11
1844,33,107,2,14,"no","no","yes",259,11
2190,50,214,4,15,"no","no","yes",259,11
2595,33,528,16,14,"no","no","yes",259,11
1595,33,340,4,14,"no","no","yes",259,11
1495,33,107,4,14,"no","no","yes",259,11
1795,50,424,4,14,"no","no","yes",259,11
2374,33,120,4,14,"yes","no","no",259,11
2498,50,320,8,15,"yes","no","yes",259,11
2175,66,340,4,15,"no","no","yes",259,11
1908,33,120,4,14,"no","no","no",259,11
1999,33,340,8,14,"yes","no","yes",259,11
1599,25,120,4,14,"no","no","no",259,11
2090,25,426,8,15,"no","no","yes",259,11
1670,25,212,4,14,"yes","yes","yes",259,11
2478,33,245,8,14,"no","no","no",259,11
2590,66,214,4,14,"yes","yes","yes",259,11
1749,50,245,4,15,"no","no","yes",259,11
1995,33,214,4,14,"no","no","yes",259,11
1929,33,245,4,15,"yes","yes","yes",259,11
3390,66,528,16,14,"yes","yes","yes",259,11
2044,50,107,2,14,"no","no","yes",259,11
3290,50,528,16,14,"yes","yes","yes",259,11
2175,33,425,8,15,"no","no","yes",259,11
1449,25,120,4,14,"no","no","no",259,11
2795,33,528,16,14,"no","no","yes",259,11
1795,50,107,2,14,"no","no","yes",259,11
2359,33,245,8,14,"no","no","no",259,11
2049,33,212,4,14,"no","no","no",259,11
2895,50,528,16,14,"no","no","yes",259,11
2608,33,340,4,14,"no","no","no",259,11
1944,25,214,4,14,"no","no","yes",259,11
2495,66,426,8,14,"no","no","yes",259,11
2405,66,425,8,15,"no","no","yes",259,11
2104,33,120,4,14,"yes","no","no",259,11
2190,33,214,4,14,"yes","yes","yes",259,11
2195,66,214,4,14,"no","no","yes",259,11
3589,66,527,8,15,"no","no","no",259,11
2344,66,214,4,14,"no","no","yes",259,11
1695,33,340,4,15,"no","no","yes",259,11
1890,33,212,4,14,"yes","yes","yes",259,11
1854,25,120,4,14,"yes","no","no",259,11
2299,66,120,4,14,"no","no","no",259,11
3044,66,245,4,15,"yes","no","no",259,11
2944,66,340,8,17,"no","no","yes",259,11
2145,33,340,4,15,"yes","no","yes",259,11
1944,50,107,2,14,"no","no","yes",259,11
2144,66,107,2,14,"no","no","yes",259,11
1395,25,107,4,14,"no","no","yes",259,11
2244,33,214,4,14,"no","no","yes",259,11
2744,33,528,16,14,"no","no","yes",259,11
2674,33,245,8,14,"yes","no","no",259,11
1495,33,107,2,14,"no","no","yes",259,11
3205,66,545,8,17,"no","no","yes",259,11
2390,33,426,8,15,"no","no","yes",259,11
1395,25,107,2,14,"no","no","yes",259,11
2815,50,424,8,17,"yes","no","yes",259,11
1599,50,245,4,14,"no","no","yes",259,11
2190,50,424,4,14,"yes","yes","yes",259,11
3678,66,527,8,15,"no","no","no",259,11
1695,33,107,2,14,"no","no","yes",259,11
1895,25,212,4,17,"no","no","yes",259,11
1275,25,212,4,14,"no","no","yes",259,11
3399,66,527,4,15,"no","no","no",259,11
1789,33,120,4,14,"no","no","no",259,11
2699,33,240,4,14,"no","no","no",259,11
2544,33,426,8,14,"no","no","yes",259,11
2744,66,426,8,14,"no","no","yes",259,11
1790,25,214,4,15,"no","no","yes",259,11
1490,25,107,2,15,"no","no","yes",259,11
2315,33,340,8,17,"no","no","yes",259,11
2285,33,528,8,14,"no","no","yes",259,11
3904,66,527,8,15,"yes","no","no",259,11
1699,25,212,4,14,"no","no","no",259,11
1695,25,214,8,14,"no","no","yes",259,11
2138,33,212,4,14,"no","no","no",259,11
1895,66,107,2,14,"no","no","yes",259,11
2490,50,214,4,14,"yes","yes","yes",259,11
1995,66,424,4,14,"no","no","yes",259,11
2644,25,528,16,14,"no","no","yes",259,11
1699,33,245,4,15,"no","no","yes",259,11
1544,25,107,2,14,"no","no","yes",259,11
2744,50,340,8,17,"no","no","yes",259,11
2495,25,528,16,14,"no","no","yes",259,11
1995,25,426,8,14,"no","no","yes",259,11
1539,25,120,4,14,"no","no","no",259,11
1878,33,120,4,14,"no","no","no",259,11
2090,33,107,2,14,"yes","yes","yes",259,11
1299,25,120,4,14,"yes","no","yes",259,11
2044,33,214,4,14,"no","no","yes",259,11
5399,66,1200,32,17,"yes","no","yes",259,11
1395,25,107,4,14,"no","no","yes",259,11
3365,66,450,16,15,"yes","yes","yes",259,11
1395,25,240,4,14,"no","no","yes",259,11
2014,25,212,4,14,"yes","no","no",259,11
2590,25,528,16,15,"no","no","yes",259,11
2295,66,340,8,15,"yes","no","yes",259,11
1788,25,212,4,14,"no","no","no",259,11
2975,33,545,8,17,"no","no","yes",259,11
